microstructure,version,taufactor.status,taufactor.config_hash,taufactor.resolved_version,taufactor.porosity,taufactor.D_eff,taufactor.tau_solver,taufactor.tau_reconciled,taufactor.constrictivity,taufactor.elapsed_s,berg_voxel.status,berg_voxel.config_hash,berg_voxel.resolved_version,berg_voxel.n_paths,berg_voxel.Omega,berg_voxel.Omega_c,berg_voxel.phi,berg_voxel.phi_c,berg_voxel.I_decomp,berg_voxel.I_total_direct,berg_voxel.current_loss_rel,berg_voxel.tau_sq_c,berg_voxel.user_tortuosity,berg_voxel.C_c,berg_voxel.one_over_C_c,berg_voxel.one_over_F_direct,berg_voxel.F_direct,berg_voxel.user_tortuosity_inferred_from_C_F_phi_c,berg_voxel.user_tortuosity_inferred_from_C_F_phi,berg_voxel.decomposition_method,berg_voxel.decomposition_engine,berg_voxel.decomposition_elapsed_s,berg_voxel.one_over_F,berg_voxel.F,berg_voxel.G_eff,berg_voxel.L_sample,berg_voxel.elapsed_s,berg_cc.status,berg_cc.config_hash,berg_cc.resolved_version,berg_cc.n_bodies,berg_cc.n_throats,berg_cc.n_streamtubes,berg_cc.n_fallback_throats,berg_cc.Omega,berg_cc.Omega_c,berg_cc.V_stuck_total,berg_cc.iota_sq_g,berg_cc.iota_sq_c,berg_cc.tau_sq_c,berg_cc.C_c,berg_cc.consistency,berg_cc.phi_total,berg_cc.phi_c,berg_cc.F_total,berg_cc.F_c,berg_cc.total_current,berg_cc.effective_conductance,berg_cc.elapsed_s
Coarse_microstructure_0,2,pointer,01fe9c6ef6ea,1,0.2655517037037037,0.0038364760112017393,69.21761322021484,1.638131606233536,0.038768675117470855,296.1058910442516,pointer,2f16db359fa9,1,81823,896237.0,309647.00000000006,0.2655517037037037,0.09174725925925928,0.5143660609541542,0.5782697402422455,0.11050842684820616,0.1650938201131371,2.4611302114021596,10.874212231026473,0.0919606844849675,0.0038551316016149704,259.3945170590507,1.4793742099567275,2.5168425038243147,greedy_fast,numba,10.924375009723008,0.0038551316016149704,259.3945170590507,0.5782697402422455,150.0,66.22453765198588,real,e55acd997b82,2,174,278,58,97,896237.0,440985.6931013431,0.0,0.0198862573133727,0.04041582271028045,0.22483704248195407,5.563094387274877,0.04041582378976895,0.2655517037037037,0.13066242758558314,189.3641894959038,189.36418949590376,0.7921244305470786,0.7921244305470786,24.402533843182027
Coarse_microstructure_0,3,pointer,01fe9c6ef6ea,1,0.2655517037037037,0.0038364760112017393,69.21761322021484,1.638131606233536,0.038768675117470855,296.1058910442516,pointer,2f16db359fa9,1,81823,896237.0,309647.00000000006,0.2655517037037037,0.09174725925925928,0.5143660609541542,0.5782697402422455,0.11050842684820616,0.1650938201131371,2.4611302114021596,10.874212231026473,0.0919606844849675,0.0038551316016149704,259.3945170590507,1.4793742099567275,2.5168425038243147,greedy_fast,numba,10.924375009723008,0.0038551316016149704,259.3945170590507,0.5782697402422455,150.0,66.22453765198588,real,68181c0a1bd8,3,174,278,58,97,896237.0,440985.6931013431,3201.1855953569784,0.0198862573133727,0.04041582271028045,0.22483704248195407,5.563094387274877,0.04041582378976895,0.2655517037037037,0.13066242758558314,189.3641894959038,189.36418949590376,0.7921244305470786,0.7921244305470786,20.888081367127597
Coarse_microstructure_0,4,pointer,01fe9c6ef6ea,1,0.2655517037037037,0.0038364760112017393,69.21761322021484,1.638131606233536,0.038768675117470855,296.1058910442516,pointer,2f16db359fa9,1,81823,896237.0,309647.00000000006,0.2655517037037037,0.09174725925925928,0.5143660609541542,0.5782697402422455,0.11050842684820616,0.1650938201131371,2.4611302114021596,10.874212231026473,0.0919606844849675,0.0038551316016149704,259.3945170590507,1.4793742099567275,2.5168425038243147,greedy_fast,numba,10.924375009723008,0.0038551316016149704,259.3945170590507,0.5782697402422455,150.0,66.22453765198588,real,27c3f3efe32b,4,174,278,87,97,896237.0,470198.09722222225,0.0,0.02233620028795038,0.04257467066696866,0.232074781644411,5.451005915225548,0.04257467066696594,0.2655517037037037,0.13931795473251027,168.5938051104109,168.5938051104109,0.8897124061098605,0.8897124061098605,20.79031455796212
Coarse_microstructure_0,5,pointer,01fe9c6ef6ea,1,0.2655517037037037,0.0038364760112017393,69.21761322021484,1.638131606233536,0.038768675117470855,296.1058910442516,pointer,2f16db359fa9,1,81823,896237.0,309647.00000000006,0.2655517037037037,0.09174725925925928,0.5143660609541542,0.5782697402422455,0.11050842684820616,0.1650938201131371,2.4611302114021596,10.874212231026473,0.0919606844849675,0.0038551316016149704,259.3945170590507,1.4793742099567275,2.5168425038243147,greedy_fast,numba,10.924375009723008,0.0038551316016149704,259.3945170590507,0.5782697402422455,150.0,66.22453765198588,real,26b6722f407e,5,174,278,87,97,896237.0,590841.3857142857,1.4797050635378502e-07,0.022336200287950376,0.03388139291101016,0.18468767317385087,5.451005915220631,0.03388139291101385,0.2655517037037037,0.1750641142857143,168.59380511041093,168.5938051104109,1.334568609164806,1.334568609164806,20.78702058084309
Coarse_microstructure_1,2,pointer,01fe9c6ef6ea,1,0.31101422222222225,0.0024060183204710484,129.26512145996094,1.540164975930506,0.018350720799947276,363.2792880265042,pointer,2f16db359fa9,1,56157,1049673.0,136310.00000000003,0.31101422222222225,0.04038814814814816,0.26753400165158225,0.36656292226170867,0.27015531194239123,0.23684495564815883,2.0547923030230772,14.260861631546536,0.070121990230092,0.002443752815078058,409.20668973963234,1.0765282965954988,2.9873671703456393,greedy_fast,numba,9.67750431317836,0.002443752815078058,409.20668973963234,0.36656292226170867,150.0,60.374849976971745,real,e55acd997b82,2,170,283,29,111,1047954.0,298275.76940267335,0.0,0.007396069264840117,0.0259851491989705,0.2944642625683246,11.332021252672682,0.025985149162941656,0.3105048888888889,0.08837800574894025,435.4422724445503,435.44227244455044,0.3444773622231775,0.3444773622231775,23.31607234850526
Coarse_microstructure_1,7,pointer,01fe9c6ef6ea,1,0.31101422222222225,0.0024060183204710484,129.26512145996094,1.540164975930506,0.018350720799947276,363.2792880265042,pointer,2f16db359fa9,1,56157,1049673.0,136310.00000000003,0.31101422222222225,0.04038814814814816,0.26753400165158225,0.36656292226170867,0.27015531194239123,0.23684495564815883,2.0547923030230772,14.260861631546536,0.070121990230092,0.002443752815078058,409.20668973963234,1.0765282965954988,2.9873671703456393,greedy_fast,numba,9.67750431317836,0.002443752815078058,409.20668973963234,0.36656292226170867,150.0,60.374849976971745,real,27c3f3efe32b,7,170,283,88,111,1047954.0,768058.7731411862,15883.60000165081,0.013224597425269245,0.01804389228381738,0.1450617852630505,8.039384350951757,0.01804389228459728,0.3105048888888889,0.22757296981961075,243.5281093461117,243.5281093461117,0.6159453231200458,0.6159453231200458,19.797920496203005
Coarse_microstructure_1,8,pointer,01fe9c6ef6ea,1,0.31101422222222225,0.0024060183204710484,129.26512145996094,1.540164975930506,0.018350720799947276,363.2792880265042,pointer,2f16db359fa9,1,56157,1049673.0,136310.00000000003,0.31101422222222225,0.04038814814814816,0.26753400165158225,0.36656292226170867,0.27015531194239123,0.23684495564815883,2.0547923030230772,14.260861631546536,0.070121990230092,0.002443752815078058,409.20668973963234,1.0765282965954988,2.9873671703456393,greedy_fast,numba,9.67750431317836,0.002443752815078058,409.20668973963234,0.36656292226170867,150.0,60.374849976971745,real,26b6722f407e,8,170,283,88,111,1047954.0,750499.6461570594,15883.600003952059,0.013224597425269246,0.01846605770057888,0.14845573508562862,8.039384339750724,0.01846605769941729,0.3105048888888889,0.22237026552801759,243.52810934611165,243.52810934611165,0.9239179846800601,0.9239179846800601,19.88123657926917
Coarse_microstructure_2,1,real,01fe9c6ef6ea,1,0.11814192592592593,0.0026371439453214407,44.7991943359375,1.5569034863829638,0.05410696557922155,432.1476984443143,real,2f16db359fa9,1,3351,398729.0,86660.0,0.11814192592592593,0.025677037037037036,0.046632940354194866,0.3955697344662016,0.8821119608224747,0.18886806112055093,2.3010218307295665,10.70821960360569,0.09338620583231953,0.0026371315631080108,379.1998905134041,0.9535597714119852,2.045396414297977,greedy_fast,numba,4.438070189207792,0.0026371315631080108,379.1998905134041,0.3955697344662016,150.0,18.01854259055108,real,3b3527cf3a5f,1,72,101,25,34,397096.00000000006,148770.75,0.0,0.029283673711396906,0.07816341381690013,0.27212926218474515,3.4815426923677033,0.0781634138169012,0.1176580740740741,0.04408022222222222,290.2369527273035,290.2369527273035,0.5168190976044764,0.5168190976044764,6.374474339187145
Coarse_microstructure_2,2,pointer,01fe9c6ef6ea,1,0.11814192592592593,0.0026371439453214407,44.7991943359375,1.5569034863829638,0.05410696557922155,432.1476984443143,pointer,2f16db359fa9,1,3351,398729.0,86660.0,0.11814192592592593,0.025677037037037036,0.046632940354194866,0.3955697344662016,0.8821119608224747,0.18886806112055093,2.3010218307295665,10.70821960360569,0.09338620583231953,0.0026371315631080108,379.1998905134041,0.9535597714119852,2.045396414297977,greedy_fast,numba,4.438070189207792,0.0026371315631080108,379.1998905134041,0.3955697344662016,150.0,18.01854259055108,real,e55acd997b82,2,72,108,28,38,398729.00000000006,147378.49999999997,0.0,0.02815876739928285,0.07618287040376195,0.2727435521549814,3.580116531208323,0.07618286996455054,0.11814192592592594,0.043667703703703695,300.5953881805502,300.5953881805502,0.4990096518388979,0.4990096518388979,9.988810663111508
Coarse_microstructure_2,3,pointer,01fe9c6ef6ea,1,0.11814192592592593,0.0026371439453214407,44.7991943359375,1.5569034863829638,0.05410696557922155,432.1476984443143,pointer,2f16db359fa9,1,3351,398729.0,86660.0,0.11814192592592593,0.025677037037037036,0.046632940354194866,0.3955697344662016,0.8821119608224747,0.18886806112055093,2.3010218307295665,10.70821960360569,0.09338620583231953,0.0026371315631080108,379.1998905134041,0.9535597714119852,2.045396414297977,greedy_fast,numba,4.438070189207792,0.0026371315631080108,379.1998905134041,0.3955697344662016,150.0,18.01854259055108,real,68181c0a1bd8,3,72,108,28,38,398729.00000000006,147378.49999999997,0.0,0.02815876739928285,0.07618287040376197,0.27274355174272374,3.5801165257968974,0.0761828699645506,0.11814192592592594,0.043667703703703695,300.5953881805502,300.5953881805502,0.4990096518388979,0.4990096518388979,6.409693417139351
Coarse_microstructure_2,4,pointer,01fe9c6ef6ea,1,0.11814192592592593,0.0026371439453214407,44.7991943359375,1.5569034863829638,0.05410696557922155,432.1476984443143,pointer,2f16db359fa9,1,3351,398729.0,86660.0,0.11814192592592593,0.025677037037037036,0.046632940354194866,0.3955697344662016,0.8821119608224747,0.18886806112055093,2.3010218307295665,10.70821960360569,0.09338620583231953,0.0026371315631080108,379.1998905134041,0.9535597714119852,2.045396414297977,greedy_fast,numba,4.438070189207792,0.0026371315631080108,379.1998905134041,0.3955697344662016,150.0,18.01854259055108,real,27c3f3efe32b,4,72,108,29,38,398729.00000000006,147897.75,0.0,0.028163708690257406,0.07592872374567892,0.2715636370833721,3.576560011636171,0.07592872374568091,0.11814192592592594,0.04382155555555556,300.54264905819434,300.5426490581943,0.4990972178825685,0.4990972178825685,6.344641726464033
Coarse_microstructure_2,5,pointer,01fe9c6ef6ea,1,0.11814192592592593,0.0026371439453214407,44.7991943359375,1.5569034863829638,0.05410696557922155,432.1476984443143,pointer,2f16db359fa9,1,3351,398729.0,86660.0,0.11814192592592593,0.025677037037037036,0.046632940354194866,0.3955697344662016,0.8821119608224747,0.18886806112055093,2.3010218307295665,10.70821960360569,0.09338620583231953,0.0026371315631080108,379.1998905134041,0.9535597714119852,2.045396414297977,greedy_fast,numba,4.438070189207792,0.0026371315631080108,379.1998905134041,0.3955697344662016,150.0,18.01854259055108,real,26b6722f407e,5,72,108,29,38,398729.00000000006,282902.6230158731,20092.690476190477,0.028163708690257406,0.039694532636861665,0.14196987810958284,3.5765600116359324,0.03969453263686334,0.11814192592592594,0.08382299941211052,300.54264905819434,300.5426490581943,0.7486458268238558,0.7486458268238558,6.421615516766906
Coarse_microstructure_7,2,pointer,01fe9c6ef6ea,1,0.23192118518518517,0.00397492153570056,58.34610366821289,1.4798269498559475,0.03753271707692477,423.1601563487202,pointer,2f16db359fa9,1,21653,782734.0,252633.0,0.23192118518518517,0.07485422222222222,0.09773883187082665,0.5962244972497797,0.8360704192436421,0.14480343284528158,2.627910505735169,18.343454761954014,0.05451535781984158,0.003974829981665198,251.58308773273978,1.0132306207167168,1.7834887156993413,greedy_fast,numba,6.507464064285159,0.003974829981665198,251.58308773273978,0.5962244972497797,150.0,29.58353435434401,real,e55acd997b82,2,174,269,18,97,769099.9999999999,318149.31666666665,0.0,0.02383000073843288,0.05760708135124265,0.32913056636391314,5.713369643269476,0.057607084245221034,0.22788148148148143,0.09426646419753086,184.14795912041134,184.14795912041134,0.8145623830548537,0.8145623830548537,25.268644622527063
Coarse_microstructure_7,3,pointer,01fe9c6ef6ea,1,0.23192118518518517,0.00397492153570056,58.34610366821289,1.4798269498559475,0.03753271707692477,423.1601563487202,pointer,2f16db359fa9,1,21653,782734.0,252633.0,0.23192118518518517,0.07485422222222222,0.09773883187082665,0.5962244972497797,0.8360704192436421,0.14480343284528158,2.627910505735169,18.343454761954014,0.05451535781984158,0.003974829981665198,251.58308773273978,1.0132306207167168,1.7834887156993413,greedy_fast,numba,6.507464064285159,0.003974829981665198,251.58308773273978,0.5962244972497797,150.0,29.58353435434401,real,68181c0a1bd8,3,174,269,18,97,769099.9999999999,318149.31666666665,0.0,0.02383000073843288,0.05760708135124265,0.32913056636391314,5.713369643269476,0.057607084245221034,0.22788148148148143,0.09426646419753086,184.14795912041134,184.14795912041134,0.8145623830548537,0.8145623830548537,22.02062264457345
Coarse_microstructure_7,4,pointer,01fe9c6ef6ea,1,0.23192118518518517,0.00397492153570056,58.34610366821289,1.4798269498559475,0.03753271707692477,423.1601563487202,pointer,2f16db359fa9,1,21653,782734.0,252633.0,0.23192118518518517,0.07485422222222222,0.09773883187082665,0.5962244972497797,0.8360704192436421,0.14480343284528158,2.627910505735169,18.343454761954014,0.05451535781984158,0.003974829981665198,251.58308773273978,1.0132306207167168,1.7834887156993413,greedy_fast,numba,6.507464064285159,0.003974829981665198,251.58308773273978,0.5962244972497797,150.0,29.58353435434401,real,27c3f3efe32b,4,174,269,27,97,769099.9999999999,333722.275,0.0,0.02559614892018357,0.058989164371821064,0.3242823979678756,5.49732143896552,0.05898916437182154,0.22788148148148143,0.09888067407407408,171.44164989444977,171.44164989444977,0.8749332504228113,0.8749332504228113,21.711233226582408
Coarse_microstructure_7,5,pointer,01fe9c6ef6ea,1,0.23192118518518517,0.00397492153570056,58.34610366821289,1.4798269498559475,0.03753271707692477,423.1601563487202,pointer,2f16db359fa9,1,21653,782734.0,252633.0,0.23192118518518517,0.07485422222222222,0.09773883187082665,0.5962244972497797,0.8360704192436421,0.14480343284528158,2.627910505735169,18.343454761954014,0.05451535781984158,0.003974829981665198,251.58308773273978,1.0132306207167168,1.7834887156993413,greedy_fast,numba,6.507464064285159,0.003974829981665198,251.58308773273978,0.5962244972497797,150.0,29.58353435434401,real,26b6722f407e,5,174,269,27,97,769099.9999999999,358516.48333333334,16856.416666668352,0.02559614892018356,0.05490960402010271,0.30185574338483206,5.497321438965728,0.054909604020103205,0.22788148148148143,0.10622710617283951,171.44164989444985,171.44164989444982,1.3123998756342163,1.3123998756342163,21.90001796465367
Coarse_microstructure_9,2,pointer,01fe9c6ef6ea,1,0.13192918518518518,0.0006172405555844307,213.74029541015625,1.9524539653986064,0.01783508570382375,142.02513809129596,pointer,2f16db359fa9,1,1757,445261.0,48006.0,0.13192918518518518,0.014224,0.00753383015869807,0.09257669077502015,0.918620658228033,0.1565614695201626,2.5273044116814223,26.486041912308092,0.037755735768706875,0.0006171779385001343,1620.2782659895456,0.9328184860545985,2.840905008072215,greedy_fast,numba,0.653156578540802,0.0006171779385001343,1620.2782659895456,0.09257669077502015,150.0,23.935681861825287,real,e55acd997b82,2,128,218,12,99,423180.0,103394.87499999999,0.0,2.5005169207799464e-17,1.0234247542020267e-16,0.23792362026866856,109333684.38207226,2.176123686065788e-09,0.12538666666666667,0.030635518518518513,3.189472376964009e+17,3.1894723769640096e+17,1.0000001572488958e-08,1.0000001572488958e-08,16.245801432989538
Coarse_microstructure_9,3,pointer,01fe9c6ef6ea,1,0.13192918518518518,0.0006172405555844307,213.74029541015625,1.9524539653986064,0.01783508570382375,142.02513809129596,pointer,2f16db359fa9,1,1757,445261.0,48006.0,0.13192918518518518,0.014224,0.00753383015869807,0.09257669077502015,0.918620658228033,0.1565614695201626,2.5273044116814223,26.486041912308092,0.037755735768706875,0.0006171779385001343,1620.2782659895456,0.9328184860545985,2.840905008072215,greedy_fast,numba,0.653156578540802,0.0006171779385001343,1620.2782659895456,0.09257669077502015,150.0,23.935681861825287,real,68181c0a1bd8,3,128,218,12,99,423180.0,103394.87499999999,15061.250365441327,2.5005169207799464e-17,1.0234247542020267e-16,0.23792362026866856,109333684.38207226,2.176123686065788e-09,0.12538666666666667,0.030635518518518513,3.189472376964009e+17,3.1894723769640096e+17,1.0000001572488958e-08,1.0000001572488958e-08,16.142760089598596
Coarse_microstructure_9,4,pointer,01fe9c6ef6ea,1,0.13192918518518518,0.0006172405555844307,213.74029541015625,1.9524539653986064,0.01783508570382375,142.02513809129596,pointer,2f16db359fa9,1,1757,445261.0,48006.0,0.13192918518518518,0.014224,0.00753383015869807,0.09257669077502015,0.918620658228033,0.1565614695201626,2.5273044116814223,26.486041912308092,0.037755735768706875,0.0006171779385001343,1620.2782659895456,0.9328184860545985,2.840905008072215,greedy_fast,numba,0.653156578540802,0.0006171779385001343,1620.2782659895456,0.09257669077502015,150.0,23.935681861825287,real,27c3f3efe32b,4,128,218,12,99,423180.0,88333.625,0.0,0.010085382563899391,0.04831605397594485,0.2784905880610986,5.7639348652054885,0.04831605397594482,0.12538666666666667,0.026172925925925926,790.7810731450504,790.7810731450504,0.18968587526181774,0.18968587526181774,16.135671784169972
Coarse_microstructure_9,5,pointer,01fe9c6ef6ea,1,0.13192918518518518,0.0006172405555844307,213.74029541015625,1.9524539653986064,0.01783508570382375,142.02513809129596,pointer,2f16db359fa9,1,1757,445261.0,48006.0,0.13192918518518518,0.014224,0.00753383015869807,0.09257669077502015,0.918620658228033,0.1565614695201626,2.5273044116814223,26.486041912308092,0.037755735768706875,0.0006171779385001343,1620.2782659895456,0.9328184860545985,2.840905008072215,greedy_fast,numba,0.653156578540802,0.0006171779385001343,1620.2782659895456,0.09257669077502015,150.0,23.935681861825287,real,26b6722f407e,5,128,218,12,99,423180.0,107462.58333333333,6.931202890051587e-11,0.010085382563899391,0.03971551828558218,0.22891766053583384,5.763934865201796,0.03971551828558344,0.12538666666666667,0.031840765432098767,790.7810731450504,790.7810731450504,0.2845288128927367,0.2845288128927367,16.340656484477222
Fine_microstructure_0,1,real,01fe9c6ef6ea,1,0.46637155555555554,0.18170812726020813,2.5665972232818604,1.2723695654253333,0.6307667975073092,5.434521914459765,real,2f16db359fa9,1,933644,1574004.0,1572957.9999999986,0.46637155555555554,0.4660616296296292,27.255968486974858,27.255986879562467,6.748090865561435e-07,0.29785778771881183,1.8322955220435646,1.9897566968987317,0.5025740089522588,0.1817065791970831,5.503378052785734,1.1353672453365942,1.1357446860470068,greedy_fast,numba,108.16242077108473,0.1817065791970831,5.503378052785734,27.255986879562467,150.0,267.2844933466986,real,3b3527cf3a5f,1,310,677,419,320,1573159.0,1541596.8569264067,0.0,0.2157803612757084,0.22019817687026857,0.3578628450270698,1.62518532221049,0.22019817687026852,0.4661211851851852,0.4567694390893058,9.942354453820466,9.942354453820466,15.086969660628057,15.086969660628057,41.825786019675434
Fine_microstructure_0,2,pointer,01fe9c6ef6ea,1,0.46637155555555554,0.18170812726020813,2.5665972232818604,1.2723695654253333,0.6307667975073092,5.434521914459765,pointer,2f16db359fa9,1,933644,1574004.0,1572957.9999999986,0.46637155555555554,0.4660616296296292,27.255968486974858,27.255986879562467,6.748090865561435e-07,0.29785778771881183,1.8322955220435646,1.9897566968987317,0.5025740089522588,0.1817065791970831,5.503378052785734,1.1353672453365942,1.1357446860470068,greedy_fast,numba,108.16242077108473,0.1817065791970831,5.503378052785734,27.255986879562467,150.0,267.2844933466986,real,e55acd997b82,2,310,716,449,338,1573454.0,1537506.6376623376,0.0,0.21030103435139555,0.21521793506145717,0.3565013607518866,1.6564667835962181,0.21521793511483275,0.4662085925925926,0.45555752227032226,10.199486738302701,10.199486738302703,14.706622391803593,14.706622391803593,37.78466573357582
Fine_microstructure_0,3,pointer,01fe9c6ef6ea,1,0.46637155555555554,0.18170812726020813,2.5665972232818604,1.2723695654253333,0.6307667975073092,5.434521914459765,pointer,2f16db359fa9,1,933644,1574004.0,1572957.9999999986,0.46637155555555554,0.4660616296296292,27.255968486974858,27.255986879562467,6.748090865561435e-07,0.29785778771881183,1.8322955220435646,1.9897566968987317,0.5025740089522588,0.1817065791970831,5.503378052785734,1.1353672453365942,1.1357446860470068,greedy_fast,numba,108.16242077108473,0.1817065791970831,5.503378052785734,27.255986879562467,150.0,267.2844933466986,real,68181c0a1bd8,3,310,716,449,338,1573454.0,1537506.6376623376,1.070168934521637e-06,0.21030103435139555,0.21521793506145717,0.3565013607535712,1.656466783604045,0.21521793511483284,0.4662085925925926,0.45555752227032226,10.199486738302701,10.199486738302703,14.706622391803593,14.706622391803593,37.90511965658516
Fine_microstructure_0,4,pointer,01fe9c6ef6ea,1,0.46637155555555554,0.18170812726020813,2.5665972232818604,1.2723695654253333,0.6307667975073092,5.434521914459765,pointer,2f16db359fa9,1,933644,1574004.0,1572957.9999999986,0.46637155555555554,0.4660616296296292,27.255968486974858,27.255986879562467,6.748090865561435e-07,0.29785778771881183,1.8322955220435646,1.9897566968987317,0.5025740089522588,0.1817065791970831,5.503378052785734,1.1353672453365942,1.1357446860470068,greedy_fast,numba,108.16242077108473,0.1817065791970831,5.503378052785734,27.255986879562467,150.0,267.2844933466986,real,27c3f3efe32b,4,310,716,455,338,1573454.0,1541056.8876623376,0.0,0.21369992353645056,0.21819246400318276,0.36367827746189224,1.666777444048602,0.21819246400318315,0.4662085925925926,0.4566094481962482,10.037264288269789,10.037264288269789,14.944311088360992,14.944311088360992,38.20463148318231
Fine_microstructure_0,5,pointer,01fe9c6ef6ea,1,0.46637155555555554,0.18170812726020813,2.5665972232818604,1.2723695654253333,0.6307667975073092,5.434521914459765,pointer,2f16db359fa9,1,933644,1574004.0,1572957.9999999986,0.46637155555555554,0.4660616296296292,27.255968486974858,27.255986879562467,6.748090865561435e-07,0.29785778771881183,1.8322955220435646,1.9897566968987317,0.5025740089522588,0.1817065791970831,5.503378052785734,1.1353672453365942,1.1357446860470068,greedy_fast,numba,108.16242077108473,0.1817065791970831,5.503378052785734,27.255986879562467,150.0,267.2844933466986,real,26b6722f407e,5,310,716,455,338,1573454.0,1543942.3876623376,2885.50000000228,0.21369992353645062,0.21778468042271207,0.36299859298791054,1.666777444048607,0.21778468042271196,0.4662085925925926,0.45746441115921116,10.037264288269787,10.037264288269789,22.416466632541514,22.416466632541514,37.96114318724722
Fine_microstructure_1,1,real,01fe9c6ef6ea,1,0.42449540740740743,0.15435495972633362,2.750124931335449,1.2955133449408387,0.6102831212488948,1.4790173349902034,real,2f16db359fa9,1,807417,1432672.0,1430144.0,0.42449540740740743,0.4237463703703704,23.133002264080197,23.15331882358623,0.0008774793653053109,0.2841402246334099,1.876003482607251,2.040766035017456,0.4900120752898782,0.1543554588239082,6.478552865051699,1.1598328104259712,1.1608574494738002,greedy_fast,numba,84.24274543300271,0.1543554588239082,6.478552865051699,23.15331882358623,150.0,212.8145427936688,real,3b3527cf3a5f,1,339,748,450,361,1426097.0,1366868.7738095238,0.0,0.20364114281683507,0.21246518203665432,0.3367010826040491,1.5847353405225737,0.21246518203665501,0.42254725925925923,0.40499815520282184,11.621419688159422,11.62141968815942,12.907201015451564,12.907201015451564,44.56174932420254
Fine_microstructure_1,2,pointer,01fe9c6ef6ea,1,0.42449540740740743,0.15435495972633362,2.750124931335449,1.2955133449408387,0.6102831212488948,1.4790173349902034,pointer,2f16db359fa9,1,807417,1432672.0,1430144.0,0.42449540740740743,0.4237463703703704,23.133002264080197,23.15331882358623,0.0008774793653053109,0.2841402246334099,1.876003482607251,2.040766035017456,0.4900120752898782,0.1543554588239082,6.478552865051699,1.1598328104259712,1.1608574494738002,greedy_fast,numba,84.24274543300271,0.1543554588239082,6.478552865051699,23.15331882358623,150.0,212.8145427936688,real,e55acd997b82,2,339,792,487,389,1426097.0,1370704.9624183008,0.0,0.20305555248052665,0.2112613014181476,0.338672262708289,1.6030965444869898,0.2112613016807844,0.42254725925925923,0.40613480367949645,11.654934610457461,11.654934610457461,12.870085081204293,12.870085081204293,40.18796728923917
Fine_microstructure_1,3,pointer,01fe9c6ef6ea,1,0.42449540740740743,0.15435495972633362,2.750124931335449,1.2955133449408387,0.6102831212488948,1.4790173349902034,pointer,2f16db359fa9,1,807417,1432672.0,1430144.0,0.42449540740740743,0.4237463703703704,23.133002264080197,23.15331882358623,0.0008774793653053109,0.2841402246334099,1.876003482607251,2.040766035017456,0.4900120752898782,0.1543554588239082,6.478552865051699,1.1598328104259712,1.1608574494738002,greedy_fast,numba,84.24274543300271,0.1543554588239082,6.478552865051699,23.15331882358623,150.0,212.8145427936688,real,68181c0a1bd8,3,339,792,487,389,1426097.0,1370704.9624183008,1.5814621910311073e-06,0.20305555248052665,0.21126130141814767,0.3386722627908612,1.6030965448778443,0.2112613016807843,0.42254725925925923,0.40613480367949645,11.654934610457461,11.654934610457461,12.870085081204293,12.870085081204293,40.21928313281387
Fine_microstructure_1,4,pointer,01fe9c6ef6ea,1,0.42449540740740743,0.15435495972633362,2.750124931335449,1.2955133449408387,0.6102831212488948,1.4790173349902034,pointer,2f16db359fa9,1,807417,1432672.0,1430144.0,0.42449540740740743,0.4237463703703704,23.133002264080197,23.15331882358623,0.0008774793653053109,0.2841402246334099,1.876003482607251,2.040766035017456,0.4900120752898782,0.1543554588239082,6.478552865051699,1.1598328104259712,1.1608574494738002,greedy_fast,numba,84.24274543300271,0.1543554588239082,6.478552865051699,23.15331882358623,150.0,212.8145427936688,real,27c3f3efe32b,4,339,792,494,389,1426097.0,1372042.5833333335,0.0,0.20633528383240402,0.21446428328241657,0.344374753730934,1.6057440822322986,0.214464283282418,0.42254725925925923,0.4065311358024692,11.469677616423198,11.469677616423196,13.077961300779574,13.077961300779574,40.3164520394057
Fine_microstructure_1,5,pointer,01fe9c6ef6ea,1,0.42449540740740743,0.15435495972633362,2.750124931335449,1.2955133449408387,0.6102831212488948,1.4790173349902034,pointer,2f16db359fa9,1,807417,1432672.0,1430144.0,0.42449540740740743,0.4237463703703704,23.133002264080197,23.15331882358623,0.0008774793653053109,0.2841402246334099,1.876003482607251,2.040766035017456,0.4900120752898782,0.1543554588239082,6.478552865051699,1.1598328104259712,1.1608574494738002,greedy_fast,numba,84.24274543300271,0.1543554588239082,6.478552865051699,23.15331882358623,150.0,212.8145427936688,real,26b6722f407e,5,339,792,494,389,1426097.0,1372042.5833333335,3.285486310023167e-10,0.206335283832404,0.21446428328241648,0.3443747537309304,1.6057440822322906,0.21446428328241685,0.42254725925925923,0.4065311358024692,11.4696776164232,11.469677616423198,19.616941951169288,19.616941951169288,40.13284550514072
Fine_microstructure_2,1,real,01fe9c6ef6ea,1,0.4031742222222222,0.11259707063436508,3.580681324005127,1.3530615414064693,0.5112925080932528,2.798694065771997,real,2f16db359fa9,1,654808,1360713.0,1355509.9999999998,0.4031742222222222,0.40163259259259254,16.8888066149268,16.88946490934622,3.897662968918087e-05,0.25737145169980374,1.971150633406527,2.4043648235816044,0.4159102604530597,0.1125964327289748,8.88127603835416,1.2180131465647934,1.22034852318989,greedy_fast,numba,73.99585498962551,0.1125964327289748,8.88127603835416,16.88946490934622,150.0,183.21633941214532,real,3b3527cf3a5f,1,370,761,440,359,1348668.0,1310746.831818182,0.0,0.17597725004048134,0.18106844136115524,0.3248006504428064,1.7938004436306876,0.18106844136207453,0.3996053333333333,0.3883694316498316,14.220412594653471,14.220412594653471,10.54821714922645,10.54821714922645,48.508550679311156
Fine_microstructure_2,2,pointer,01fe9c6ef6ea,1,0.4031742222222222,0.11259707063436508,3.580681324005127,1.3530615414064693,0.5112925080932528,2.798694065771997,pointer,2f16db359fa9,1,654808,1360713.0,1355509.9999999998,0.4031742222222222,0.40163259259259254,16.8888066149268,16.88946490934622,3.897662968918087e-05,0.25737145169980374,1.971150633406527,2.4043648235816044,0.4159102604530597,0.1125964327289748,8.88127603835416,1.2180131465647934,1.22034852318989,greedy_fast,numba,73.99585498962551,0.1125964327289748,8.88127603835416,16.88946490934622,150.0,183.21633941214532,real,e55acd997b82,2,370,799,473,378,1348668.0,1312099.2775252527,0.0,0.17026380200929117,0.17500912107556144,0.3208967850566694,1.8336003467196362,0.175009121061066,0.3996053333333333,0.3887701563037785,14.697599098084194,14.697599098084194,10.205748509088108,10.205748509088108,44.29011853132397
Fine_microstructure_2,3,pointer,01fe9c6ef6ea,1,0.4031742222222222,0.11259707063436508,3.580681324005127,1.3530615414064693,0.5112925080932528,2.798694065771997,pointer,2f16db359fa9,1,654808,1360713.0,1355509.9999999998,0.4031742222222222,0.40163259259259254,16.8888066149268,16.88946490934622,3.897662968918087e-05,0.25737145169980374,1.971150633406527,2.4043648235816044,0.4159102604530597,0.1125964327289748,8.88127603835416,1.2180131465647934,1.22034852318989,greedy_fast,numba,73.99585498962551,0.1125964327289748,8.88127603835416,16.88946490934622,150.0,183.21633941214532,real,68181c0a1bd8,3,370,799,473,378,1348668.0,1312099.2775252527,1.5392408622323534e-06,0.17026380200929117,0.17500912107556144,0.32089678505969926,1.8336003467369488,0.175009121061066,0.3996053333333333,0.3887701563037785,14.697599098084194,14.697599098084194,10.205748509088108,10.205748509088108,44.3186160530895
Fine_microstructure_2,4,pointer,01fe9c6ef6ea,1,0.4031742222222222,0.11259707063436508,3.580681324005127,1.3530615414064693,0.5112925080932528,2.798694065771997,pointer,2f16db359fa9,1,654808,1360713.0,1355509.9999999998,0.4031742222222222,0.40163259259259254,16.8888066149268,16.88946490934622,3.897662968918087e-05,0.25737145169980374,1.971150633406527,2.4043648235816044,0.4159102604530597,0.1125964327289748,8.88127603835416,1.2180131465647934,1.22034852318989,greedy_fast,numba,73.99585498962551,0.1125964327289748,8.88127603835416,16.88946490934622,150.0,183.21633941214532,real,27c3f3efe32b,4,370,799,478,378,1348668.0,1313019.7275252524,2.4005098138056516e-06,0.17329704086153472,0.1780020273894248,0.32091579713062446,1.8028772022053428,0.1780020273915877,0.3996053333333333,0.3890428822297044,14.440345261565259,14.440345261565255,10.3875632668731,10.3875632668731,44.1923669166863
Fine_microstructure_2,5,pointer,01fe9c6ef6ea,1,0.4031742222222222,0.11259707063436508,3.580681324005127,1.3530615414064693,0.5112925080932528,2.798694065771997,pointer,2f16db359fa9,1,654808,1360713.0,1355509.9999999998,0.4031742222222222,0.40163259259259254,16.8888066149268,16.88946490934622,3.897662968918087e-05,0.25737145169980374,1.971150633406527,2.4043648235816044,0.4159102604530597,0.1125964327289748,8.88127603835416,1.2180131465647934,1.22034852318989,greedy_fast,numba,73.99585498962551,0.1125964327289748,8.88127603835416,16.88946490934622,150.0,183.21633941214532,real,26b6722f407e,5,370,799,480,378,1348668.0,1317010.156096681,1.4109037381548048e-09,0.17329704086153472,0.17746269641331933,0.31994344961497345,1.802877202258933,0.17746269641332038,0.3996053333333333,0.39022523143605364,14.440345261565259,14.440345261565255,15.581344900309665,15.581344900309665,44.640191562473774
Fine_microstructure_3,1,real,01fe9c6ef6ea,1,0.38621333333333335,0.11868810653686523,3.254019021987915,1.3452326063771487,0.5561279000006342,2.3873657397925854,real,2f16db359fa9,1,642600,1303470.0,1301353.0000000005,0.38621333333333335,0.3855860740740742,17.802120100930217,17.803371171952648,7.027158004779601e-05,0.2516830171845909,1.9933017322512603,2.1350706339571057,0.4683685795193651,0.11868914114635098,8.425370597019812,1.2335281162681293,1.234531040861936,greedy_fast,numba,56.632734194397926,0.11868914114635098,8.425370597019812,17.803371171952648,150.0,169.4408602528274,real,3b3527cf3a5f,1,385,748,416,366,1302399.0,1254243.3214285714,0.0,0.1783869216939445,0.18523594621388748,0.32330283617618294,1.745356896349214,0.1852359462138888,0.385896,0.3716276507936508,14.526691441009216,14.526691441009216,10.325819930100979,10.325819930100979,35.183454542420805
Fine_microstructure_3,2,pointer,01fe9c6ef6ea,1,0.38621333333333335,0.11868810653686523,3.254019021987915,1.3452326063771487,0.5561279000006342,2.3873657397925854,pointer,2f16db359fa9,1,642600,1303470.0,1301353.0000000005,0.38621333333333335,0.3855860740740742,17.802120100930217,17.803371171952648,7.027158004779601e-05,0.2516830171845909,1.9933017322512603,2.1350706339571057,0.4683685795193651,0.11868914114635098,8.425370597019812,1.2335281162681293,1.234531040861936,greedy_fast,numba,56.632734194397926,0.11868914114635098,8.425370597019812,17.803371171952648,150.0,169.4408602528274,real,e55acd997b82,2,385,803,457,394,1303470.0,1251786.688095238,0.0,0.17551757907451235,0.18276428481533527,0.32623611800425645,1.7850102265339196,0.18276428513114581,0.38621333333333335,0.3708997594356261,14.752041213739815,14.752041213739819,10.168084395050682,10.168084395050682,29.753362179733813
Fine_microstructure_3,3,pointer,01fe9c6ef6ea,1,0.38621333333333335,0.11868810653686523,3.254019021987915,1.3452326063771487,0.5561279000006342,2.3873657397925854,pointer,2f16db359fa9,1,642600,1303470.0,1301353.0000000005,0.38621333333333335,0.3855860740740742,17.802120100930217,17.803371171952648,7.027158004779601e-05,0.2516830171845909,1.9933017322512603,2.1350706339571057,0.4683685795193651,0.11868914114635098,8.425370597019812,1.2335281162681293,1.234531040861936,greedy_fast,numba,56.632734194397926,0.11868914114635098,8.425370597019812,17.803371171952648,150.0,169.4408602528274,real,68181c0a1bd8,3,385,803,457,394,1303470.0,1251786.688095238,0.0,0.17551757907451235,0.18276428481533522,0.32623611807112274,1.7850102268997796,0.1827642851311459,0.38621333333333335,0.3708997594356261,14.752041213739815,14.752041213739819,10.168084395050682,10.168084395050682,29.881428575143218
Fine_microstructure_3,4,pointer,01fe9c6ef6ea,1,0.38621333333333335,0.11868810653686523,3.254019021987915,1.3452326063771487,0.5561279000006342,2.3873657397925854,pointer,2f16db359fa9,1,642600,1303470.0,1301353.0000000005,0.38621333333333335,0.3855860740740742,17.802120100930217,17.803371171952648,7.027158004779601e-05,0.2516830171845909,1.9933017322512603,2.1350706339571057,0.4683685795193651,0.11868914114635098,8.425370597019812,1.2335281162681293,1.234531040861936,greedy_fast,numba,56.632734194397926,0.11868914114635098,8.425370597019812,17.803371171952648,150.0,169.4408602528274,real,27c3f3efe32b,4,385,803,465,394,1303470.0,1255913.9547619047,0.0,0.17789674607427092,0.1846329286530911,0.3253215378008517,1.761990887389657,0.18463292865424916,0.38621333333333335,0.37212265326278665,14.554749411560618,14.554749411560618,10.305914293574675,10.305914293574675,29.945967347361147
Fine_microstructure_3,5,pointer,01fe9c6ef6ea,1,0.38621333333333335,0.11868810653686523,3.254019021987915,1.3452326063771487,0.5561279000006342,2.3873657397925854,pointer,2f16db359fa9,1,642600,1303470.0,1301353.0000000005,0.38621333333333335,0.3855860740740742,17.802120100930217,17.803371171952648,7.027158004779601e-05,0.2516830171845909,1.9933017322512603,2.1350706339571057,0.4683685795193651,0.11868914114635098,8.425370597019812,1.2335281162681293,1.234531040861936,greedy_fast,numba,56.632734194397926,0.11868914114635098,8.425370597019812,17.803371171952648,150.0,169.4408602528274,real,26b6722f407e,5,385,803,467,394,1303470.0,1255913.9547619047,4.989855346902543e-10,0.1778967460742709,0.1846329286542477,0.3253215378056247,1.761990887415517,0.18463292865424827,0.38621333333333335,0.37212265326278665,14.554749411560621,14.554749411560623,15.45887144036196,15.45887144036196,29.71842560917139
Fine_microstructure_4,1,real,01fe9c6ef6ea,1,0.4282142222222222,0.14983253180980682,2.8579518795013428,1.3062019943810064,0.5969882356530829,3.3459132872521877,real,2f16db359fa9,1,923070,1445223.0,1444363.0000000007,0.4282142222222222,0.4279594074074076,22.474912277158055,22.474920863506895,3.820413381194185e-07,0.2815361955788649,1.884659427076999,2.104771900527365,0.47511086581374595,0.14983280575671262,6.67410581380773,1.1649178878261857,1.1652646428666604,greedy_fast,numba,107.98806578759104,0.14983280575671262,6.67410581380773,22.474920863506895,150.0,261.3861723029986,real,3b3527cf3a5f,1,356,752,447,372,1442622.0,1423169.302777778,0.0,0.19971454663270655,0.2024443600139646,0.3264926872309994,1.612752695152757,0.20244436001396643,0.4274435555555556,0.4216797934156378,11.714170138056508,11.71417013805651,12.80500438632752,12.80500438632752,46.53487799409777
Fine_microstructure_4,2,pointer,01fe9c6ef6ea,1,0.4282142222222222,0.14983253180980682,2.8579518795013428,1.3062019943810064,0.5969882356530829,3.3459132872521877,pointer,2f16db359fa9,1,923070,1445223.0,1444363.0000000007,0.4282142222222222,0.4279594074074076,22.474912277158055,22.474920863506895,3.820413381194185e-07,0.2815361955788649,1.884659427076999,2.104771900527365,0.47511086581374595,0.14983280575671262,6.67410581380773,1.1649178878261857,1.1652646428666604,greedy_fast,numba,107.98806578759104,0.14983280575671262,6.67410581380773,22.474920863506895,150.0,261.3861723029986,real,e55acd997b82,2,356,809,496,386,1442622.0,1425957.8617521366,0.0,0.19410979365948938,0.19637821443021747,0.32371261329721684,1.648414076902969,0.1963782145717939,0.4274435555555556,0.42250603311174423,12.052406703416095,12.052406703416096,12.445647059038961,12.445647059038961,41.32820960506797
Fine_microstructure_4,3,pointer,01fe9c6ef6ea,1,0.4282142222222222,0.14983253180980682,2.8579518795013428,1.3062019943810064,0.5969882356530829,3.3459132872521877,pointer,2f16db359fa9,1,923070,1445223.0,1444363.0000000007,0.4282142222222222,0.4279594074074076,22.474912277158055,22.474920863506895,3.820413381194185e-07,0.2815361955788649,1.884659427076999,2.104771900527365,0.47511086581374595,0.14983280575671262,6.67410581380773,1.1649178878261857,1.1652646428666604,greedy_fast,numba,107.98806578759104,0.14983280575671262,6.67410581380773,22.474920863506895,150.0,261.3861723029986,real,68181c0a1bd8,3,356,809,496,386,1442622.0,1425957.8617521366,0.0,0.19410979365948938,0.19637821443021747,0.32371261330368956,1.6484140769359297,0.19637821457179389,0.4274435555555556,0.42250603311174423,12.052406703416095,12.052406703416096,12.445647059038961,12.445647059038961,41.53941650688648
Fine_microstructure_4,4,pointer,01fe9c6ef6ea,1,0.4282142222222222,0.14983253180980682,2.8579518795013428,1.3062019943810064,0.5969882356530829,3.3459132872521877,pointer,2f16db359fa9,1,923070,1445223.0,1444363.0000000007,0.4282142222222222,0.4279594074074076,22.474912277158055,22.474920863506895,3.820413381194185e-07,0.2815361955788649,1.884659427076999,2.104771900527365,0.47511086581374595,0.14983280575671262,6.67410581380773,1.1649178878261857,1.1652646428666604,greedy_fast,numba,107.98806578759104,0.14983280575671262,6.67410581380773,22.474920863506895,150.0,261.3861723029986,real,27c3f3efe32b,4,356,809,503,386,1442622.0,1427928.44508547,0.0,0.19634038228637016,0.19836074836213,0.3291649463311164,1.6594258140737899,0.1983607483621316,0.4274435555555556,0.4230899096549541,11.91548142596619,11.91548142596619,12.588664665543462,12.588664665543462,41.667742534540594
Fine_microstructure_4,5,pointer,01fe9c6ef6ea,1,0.4282142222222222,0.14983253180980682,2.8579518795013428,1.3062019943810064,0.5969882356530829,3.3459132872521877,pointer,2f16db359fa9,1,923070,1445223.0,1444363.0000000007,0.4282142222222222,0.4279594074074076,22.474912277158055,22.474920863506895,3.820413381194185e-07,0.2815361955788649,1.884659427076999,2.104771900527365,0.47511086581374595,0.14983280575671262,6.67410581380773,1.1649178878261857,1.1652646428666604,greedy_fast,numba,107.98806578759104,0.14983280575671262,6.67410581380773,22.474920863506895,150.0,261.3861723029986,real,26b6722f407e,5,356,809,503,386,1442622.0,1427928.44508547,4.580196451970317e-09,0.19634038228637016,0.19836074836213008,0.3291649463311217,1.6594258140738163,0.19836074836213163,0.4274435555555556,0.4230899096549541,11.91548142596619,11.91548142596619,18.882996998315196,18.882996998315196,41.25237692985684
Fine_microstructure_5,1,real,01fe9c6ef6ea,1,0.38881274074074074,0.12575764954090118,3.091762065887451,1.3208808352842845,0.5643145053985607,3.597685490734875,real,2f16db359fa9,1,426920,1312243.0,1289475.9999999995,0.38881274074074074,0.38206696296296283,17.561260580669806,18.86361277817296,0.0690404437802128,0.27706079214288104,1.8998200389171067,2.095686009860623,0.4771707189411006,0.12575741852115307,7.951817171181791,1.2040369892303657,1.21461972542005,greedy_fast,numba,40.26480496674776,0.12575741852115307,7.951817171181791,18.86361277817296,150.0,117.08292742166668,real,3b3527cf3a5f,1,367,746,430,363,1311388.0,1246752.4692640693,0.0,0.18764356187406597,0.19737158849515518,0.3297799749500867,1.6708583918509623,0.19737158849515626,0.3885594074074074,0.3694081390412057,13.71541344311699,13.715413443116988,10.936600680840346,10.936600680840346,48.49315987341106
Fine_microstructure_5,2,pointer,01fe9c6ef6ea,1,0.38881274074074074,0.12575764954090118,3.091762065887451,1.3208808352842845,0.5643145053985607,3.597685490734875,pointer,2f16db359fa9,1,426920,1312243.0,1289475.9999999995,0.38881274074074074,0.38206696296296283,17.561260580669806,18.86361277817296,0.0690404437802128,0.27706079214288104,1.8998200389171067,2.095686009860623,0.4771707189411006,0.12575741852115307,7.951817171181791,1.2040369892303657,1.21461972542005,greedy_fast,numba,40.26480496674776,0.12575741852115307,7.951817171181791,18.86361277817296,150.0,117.08292742166668,real,e55acd997b82,2,367,781,453,382,1311388.0,1243994.074621212,0.0,0.18465242994642922,0.1946560564368805,0.32985266921354833,1.6945410034220096,0.19465605644680975,0.3885594074074074,0.3685908369248036,13.93758550477005,13.93758550477005,10.762265816982294,10.762265816982294,42.836682150140405
Fine_microstructure_5,3,pointer,01fe9c6ef6ea,1,0.38881274074074074,0.12575764954090118,3.091762065887451,1.3208808352842845,0.5643145053985607,3.597685490734875,pointer,2f16db359fa9,1,426920,1312243.0,1289475.9999999995,0.38881274074074074,0.38206696296296283,17.561260580669806,18.86361277817296,0.0690404437802128,0.27706079214288104,1.8998200389171067,2.095686009860623,0.4771707189411006,0.12575741852115307,7.951817171181791,1.2040369892303657,1.21461972542005,greedy_fast,numba,40.26480496674776,0.12575741852115307,7.951817171181791,18.86361277817296,150.0,117.08292742166668,real,68181c0a1bd8,3,367,781,453,382,1311388.0,1243994.074621212,0.0,0.18465242994642922,0.19465605643688047,0.3298526692073339,1.6945410033900845,0.19465605644680975,0.3885594074074074,0.3685908369248036,13.93758550477005,13.93758550477005,10.762265816982294,10.762265816982294,42.90118899848312
Fine_microstructure_5,4,pointer,01fe9c6ef6ea,1,0.38881274074074074,0.12575764954090118,3.091762065887451,1.3208808352842845,0.5643145053985607,3.597685490734875,pointer,2f16db359fa9,1,426920,1312243.0,1289475.9999999995,0.38881274074074074,0.38206696296296283,17.561260580669806,18.86361277817296,0.0690404437802128,0.27706079214288104,1.8998200389171067,2.095686009860623,0.4771707189411006,0.12575741852115307,7.951817171181791,1.2040369892303657,1.21461972542005,greedy_fast,numba,40.26480496674776,0.12575741852115307,7.951817171181791,18.86361277817296,150.0,117.08292742166668,real,27c3f3efe32b,4,367,781,462,382,1311388.0,1247072.8716450217,0.0,0.18643532254455322,0.1960503273866811,0.3321635233397644,1.6942768102836097,0.19605032738668166,0.3885594074074074,0.36950307308000646,13.804299506746599,13.804299506746599,10.866179767158071,10.866179767158071,42.79454550333321
Fine_microstructure_5,5,pointer,01fe9c6ef6ea,1,0.38881274074074074,0.12575764954090118,3.091762065887451,1.3208808352842845,0.5643145053985607,3.597685490734875,pointer,2f16db359fa9,1,426920,1312243.0,1289475.9999999995,0.38881274074074074,0.38206696296296283,17.561260580669806,18.86361277817296,0.0690404437802128,0.27706079214288104,1.8998200389171067,2.095686009860623,0.4771707189411006,0.12575741852115307,7.951817171181791,1.2040369892303657,1.21461972542005,greedy_fast,numba,40.26480496674776,0.12575741852115307,7.951817171181791,18.86361277817296,150.0,117.08292742166668,real,26b6722f407e,5,367,781,462,382,1311388.0,1252161.5383116882,1.5498898234867683e-09,0.1864353225445533,0.19525359730399056,0.3308136420366148,1.6942768102836454,0.1952535973039919,0.3885594074074074,0.37101082616642617,13.804299506746592,13.804299506746592,16.29926965073715,16.29926965073715,43.06498365756124
Fine_microstructure_6,1,real,01fe9c6ef6ea,1,0.4167608888888889,0.14068086445331573,2.962456226348877,1.304982993253963,0.5748542704311741,5.684502515941858,real,2f16db359fa9,1,747931,1406568.0,1405721.0000000002,0.4167608888888889,0.416509925925926,21.101016706340534,21.10223153500855,5.756872992317171e-05,0.27876230720604755,1.8940130840271725,2.154547143345931,0.4641346572937074,0.14068154356672366,7.108252970836301,1.172238861450735,1.172591967365,greedy_fast,numba,70.97032299265265,0.14068154356672366,7.108252970836301,21.10223153500855,150.0,201.29306498449296,real,3b3527cf3a5f,1,352,753,456,342,1403729.0,1379152.6734848483,0.0,0.1939004681061772,0.19735574996473396,0.3281176204343849,1.66256934743329,0.19735574996672461,0.4159197037037037,0.4086378291806958,12.3997134053018,12.3997134053018,12.097053786409585,12.097053786409585,47.07972680218518
Fine_microstructure_6,2,pointer,01fe9c6ef6ea,1,0.4167608888888889,0.14068086445331573,2.962456226348877,1.304982993253963,0.5748542704311741,5.684502515941858,pointer,2f16db359fa9,1,747931,1406568.0,1405721.0000000002,0.4167608888888889,0.416509925925926,21.101016706340534,21.10223153500855,5.756872992317171e-05,0.27876230720604755,1.8940130840271725,2.154547143345931,0.4641346572937074,0.14068154356672366,7.108252970836301,1.172238861450735,1.172591967365,greedy_fast,numba,70.97032299265265,0.14068154356672366,7.108252970836301,21.10223153500855,150.0,201.29306498449296,real,e55acd997b82,2,352,792,489,360,1403729.0,1382514.6984848485,0.0,0.1898563980375544,0.19276969138149277,0.3301258433203015,1.7125401864086192,0.19276969144450318,0.4159197037037037,0.40963398473625134,12.663835712267524,12.663835712267522,11.844752528430735,11.844752528430735,42.18516433145851
Fine_microstructure_6,3,pointer,01fe9c6ef6ea,1,0.4167608888888889,0.14068086445331573,2.962456226348877,1.304982993253963,0.5748542704311741,5.684502515941858,pointer,2f16db359fa9,1,747931,1406568.0,1405721.0000000002,0.4167608888888889,0.416509925925926,21.101016706340534,21.10223153500855,5.756872992317171e-05,0.27876230720604755,1.8940130840271725,2.154547143345931,0.4641346572937074,0.14068154356672366,7.108252970836301,1.172238861450735,1.172591967365,greedy_fast,numba,70.97032299265265,0.14068154356672366,7.108252970836301,21.10223153500855,150.0,201.29306498449296,real,68181c0a1bd8,3,352,792,489,360,1403729.0,1382514.6984848485,1.195870203248434e-05,0.1898563980375544,0.19276969138149277,0.3301258437102027,1.7125401884312448,0.19276969144450337,0.4159197037037037,0.40963398473625134,12.663835712267524,12.663835712267522,11.844752528430735,11.844752528430735,42.392148041166365
Fine_microstructure_6,4,pointer,01fe9c6ef6ea,1,0.4167608888888889,0.14068086445331573,2.962456226348877,1.304982993253963,0.5748542704311741,5.684502515941858,pointer,2f16db359fa9,1,747931,1406568.0,1405721.0000000002,0.4167608888888889,0.416509925925926,21.101016706340534,21.10223153500855,5.756872992317171e-05,0.27876230720604755,1.8940130840271725,2.154547143345931,0.4641346572937074,0.14068154356672366,7.108252970836301,1.172238861450735,1.172591967365,greedy_fast,numba,70.97032299265265,0.14068154356672366,7.108252970836301,21.10223153500855,150.0,201.29306498449296,real,27c3f3efe32b,4,352,792,495,360,1403729.0,1382514.6984848485,0.0,0.19371331153044102,0.19668578813521131,0.3315644648889101,1.6857571054365184,0.19668578813615806,0.4159197037037037,0.40963398473625134,12.41169341784049,12.411693417840493,12.085377470280688,12.085377470280688,42.15101461764425
Fine_microstructure_6,5,pointer,01fe9c6ef6ea,1,0.4167608888888889,0.14068086445331573,2.962456226348877,1.304982993253963,0.5748542704311741,5.684502515941858,pointer,2f16db359fa9,1,747931,1406568.0,1405721.0000000002,0.4167608888888889,0.416509925925926,21.101016706340534,21.10223153500855,5.756872992317171e-05,0.27876230720604755,1.8940130840271725,2.154547143345931,0.4641346572937074,0.14068154356672366,7.108252970836301,1.172238861450735,1.172591967365,greedy_fast,numba,70.97032299265265,0.14068154356672366,7.108252970836301,21.10223153500855,150.0,201.29306498449296,real,26b6722f407e,5,352,792,497,360,1403729.0,1384407.1984848485,2.029979024836005e-09,0.19371331153044113,0.19641691648159218,0.33111121258948834,1.685757105450322,0.1964169164815933,0.4159197037037037,0.41019472547699215,12.411693417840484,12.411693417840484,18.128066205421007,18.128066205421007,42.02848577871919
Fine_microstructure_7,1,real,01fe9c6ef6ea,1,0.4004385185185185,0.11910475045442581,3.362070083618164,1.3665797924238317,0.5554733490419596,4.090866603888571,real,2f16db359fa9,1,713946,1351480.0,1347537.999999999,0.4004385185185185,0.39927051851851825,17.865580145352418,17.86577670951273,1.1002273425226761e-05,0.2479745878763793,2.008151210752533,2.1763617351999365,0.4594824398105551,0.1191051780634182,8.395940598548492,1.241088523803492,1.242902497965524,greedy_fast,numba,69.97886607889086,0.1191051780634182,8.395940598548492,17.86577670951273,150.0,196.250733634457,real,3b3527cf3a5f,1,378,746,423,340,1345491.0,1301837.6833333333,0.0,0.18090513392471122,0.18697125814199383,0.32559655551599653,1.7414257076278716,0.18697125814199467,0.398664,0.3857296839506173,13.865709214783,13.865709214783,10.818054646644148,10.818054646644148,49.65566984284669
Fine_microstructure_7,2,pointer,01fe9c6ef6ea,1,0.4004385185185185,0.11910475045442581,3.362070083618164,1.3665797924238317,0.5554733490419596,4.090866603888571,pointer,2f16db359fa9,1,713946,1351480.0,1347537.999999999,0.4004385185185185,0.39927051851851825,17.865580145352418,17.86577670951273,1.1002273425226761e-05,0.2479745878763793,2.008151210752533,2.1763617351999365,0.4594824398105551,0.1191051780634182,8.395940598548492,1.241088523803492,1.242902497965524,greedy_fast,numba,69.97886607889086,0.1191051780634182,8.395940598548492,17.86577670951273,150.0,196.250733634457,real,e55acd997b82,2,378,800,468,375,1346668.0,1309608.6039266288,0.0,0.17729978878666,0.18231703063551402,0.3263453621630621,1.7899883569039012,0.1823170306691456,0.3990127407407407,0.3880321789412234,14.135299622130898,14.135299622130894,10.61173120313535,10.61173120313535,44.21570099610835
Fine_microstructure_7,3,pointer,01fe9c6ef6ea,1,0.4004385185185185,0.11910475045442581,3.362070083618164,1.3665797924238317,0.5554733490419596,4.090866603888571,pointer,2f16db359fa9,1,713946,1351480.0,1347537.999999999,0.4004385185185185,0.39927051851851825,17.865580145352418,17.86577670951273,1.1002273425226761e-05,0.2479745878763793,2.008151210752533,2.1763617351999365,0.4594824398105551,0.1191051780634182,8.395940598548492,1.241088523803492,1.242902497965524,greedy_fast,numba,69.97886607889086,0.1191051780634182,8.395940598548492,17.86577670951273,150.0,196.250733634457,real,68181c0a1bd8,3,378,800,468,375,1346668.0,1309608.6039266288,267.6538268264658,0.17729978878666,0.182317030635514,0.326345362166124,1.7899883569206962,0.1823170306691455,0.3990127407407407,0.3880321789412234,14.135299622130898,14.135299622130894,10.61173120313535,10.61173120313535,44.58423360064626
Fine_microstructure_7,4,pointer,01fe9c6ef6ea,1,0.4004385185185185,0.11910475045442581,3.362070083618164,1.3665797924238317,0.5554733490419596,4.090866603888571,pointer,2f16db359fa9,1,713946,1351480.0,1347537.999999999,0.4004385185185185,0.39927051851851825,17.865580145352418,17.86577670951273,1.1002273425226761e-05,0.2479745878763793,2.008151210752533,2.1763617351999365,0.4594824398105551,0.1191051780634182,8.395940598548492,1.241088523803492,1.242902497965524,greedy_fast,numba,69.97886607889086,0.1191051780634182,8.395940598548492,17.86577670951273,150.0,196.250733634457,real,27c3f3efe32b,4,378,800,474,375,1346668.0,1310510.0324980575,0.0,0.17966847169550493,0.1846256613389182,0.3300067180921038,1.7874368909439318,0.18462566133891853,0.3990127407407407,0.38829926888831334,13.94894504188441,13.948945041884409,10.753501397388536,10.753501397388536,44.2927063703537
Fine_microstructure_7,5,pointer,01fe9c6ef6ea,1,0.4004385185185185,0.11910475045442581,3.362070083618164,1.3665797924238317,0.5554733490419596,4.090866603888571,pointer,2f16db359fa9,1,713946,1351480.0,1347537.999999999,0.4004385185185185,0.39927051851851825,17.865580145352418,17.86577670951273,1.1002273425226761e-05,0.2479745878763793,2.008151210752533,2.1763617351999365,0.4594824398105551,0.1191051780634182,8.395940598548492,1.241088523803492,1.242902497965524,greedy_fast,numba,69.97886607889086,0.1191051780634182,8.395940598548492,17.86577670951273,150.0,196.250733634457,real,26b6722f407e,5,378,800,474,375,1346668.0,1316893.769871795,1.6342099595771954e-09,0.17966847169550498,0.1837306751514182,0.3284069867636844,1.7874368909439433,0.18373067515141922,0.3990127407407407,0.39019074662868,13.948945041884405,13.948945041884405,16.130252096082828,16.130252096082828,44.565078048966825
Fine_microstructure_8,1,real,01fe9c6ef6ea,1,0.40207377777777775,0.119845911860466,3.3549230098724365,1.3404111438359387,0.5355419570680059,3.8791526816785336,real,2f16db359fa9,1,756994,1356999.0,1351892.9999999995,0.40207377777777775,0.40056088888888874,17.976462923828297,17.97690474923483,2.457739041820423e-05,0.2563149933796016,1.9752087204189155,2.249340167983242,0.4445748198666633,0.11984603166156553,8.344039315577094,1.2189752071002828,1.2212750272414437,greedy_fast,numba,79.94686371460557,0.11984603166156553,8.344039315577094,17.97690474923483,150.0,215.7561432728544,real,3b3527cf3a5f,1,343,683,386,310,1352301.0,1266540.0932539683,0.0,0.17287717043801062,0.18458315824796595,0.30825245922870165,1.6699923338325262,0.18458315824796745,0.4006817777777778,0.37527113874191653,14.436528160628004,14.436528160628004,10.390309798244115,10.390309798244115,45.88153077289462
Fine_microstructure_8,2,pointer,01fe9c6ef6ea,1,0.40207377777777775,0.119845911860466,3.3549230098724365,1.3404111438359387,0.5355419570680059,3.8791526816785336,pointer,2f16db359fa9,1,756994,1356999.0,1351892.9999999995,0.40207377777777775,0.40056088888888874,17.976462923828297,17.97690474923483,2.457739041820423e-05,0.2563149933796016,1.9752087204189155,2.249340167983242,0.4445748198666633,0.11984603166156553,8.344039315577094,1.2189752071002828,1.2212750272414437,greedy_fast,numba,79.94686371460557,0.11984603166156553,8.344039315577094,17.97690474923483,150.0,215.7561432728544,real,e55acd997b82,2,343,733,428,342,1352403.0,1297286.6083333334,0.0,0.1692966787638776,0.17648940085709558,0.31006122342156966,1.7568263013187226,0.17648940204778873,0.400712,0.38438121728395064,14.740737533346952,14.740737533346952,10.175881616679563,10.175881616679563,40.86030393652618
Fine_microstructure_8,3,pointer,01fe9c6ef6ea,1,0.40207377777777775,0.119845911860466,3.3549230098724365,1.3404111438359387,0.5355419570680059,3.8791526816785336,pointer,2f16db359fa9,1,756994,1356999.0,1351892.9999999995,0.40207377777777775,0.40056088888888874,17.976462923828297,17.97690474923483,2.457739041820423e-05,0.2563149933796016,1.9752087204189155,2.249340167983242,0.4445748198666633,0.11984603166156553,8.344039315577094,1.2189752071002828,1.2212750272414437,greedy_fast,numba,79.94686371460557,0.11984603166156553,8.344039315577094,17.97690474923483,150.0,215.7561432728544,real,68181c0a1bd8,3,343,733,428,342,1352403.0,1297286.6083333334,0.0,0.1692966787638776,0.17648940085709555,0.310061223450263,1.7568263014812995,0.17648940204778887,0.400712,0.38438121728395064,14.740737533346952,14.740737533346952,10.175881616679563,10.175881616679563,41.03973828442395
Fine_microstructure_8,4,pointer,01fe9c6ef6ea,1,0.40207377777777775,0.119845911860466,3.3549230098724365,1.3404111438359387,0.5355419570680059,3.8791526816785336,pointer,2f16db359fa9,1,756994,1356999.0,1351892.9999999995,0.40207377777777775,0.40056088888888874,17.976462923828297,17.97690474923483,2.457739041820423e-05,0.2563149933796016,1.9752087204189155,2.249340167983242,0.4445748198666633,0.11984603166156553,8.344039315577094,1.2189752071002828,1.2212750272414437,greedy_fast,numba,79.94686371460557,0.11984603166156553,8.344039315577094,17.97690474923483,150.0,215.7561432728544,real,27c3f3efe32b,4,343,733,437,342,1352403.0,1298071.7916666667,0.0,0.1725267531866003,0.1797479153986059,0.3156210143985366,1.7559091781321563,0.17974791539860713,0.400712,0.3846138641975309,14.464759005964389,14.464759005964392,10.370031048436358,10.370031048436358,41.12743035890162
Fine_microstructure_8,5,pointer,01fe9c6ef6ea,1,0.40207377777777775,0.119845911860466,3.3549230098724365,1.3404111438359387,0.5355419570680059,3.8791526816785336,pointer,2f16db359fa9,1,756994,1356999.0,1351892.9999999995,0.40207377777777775,0.40056088888888874,17.976462923828297,17.97690474923483,2.457739041820423e-05,0.2563149933796016,1.9752087204189155,2.249340167983242,0.4445748198666633,0.11984603166156553,8.344039315577094,1.2189752071002828,1.2212750272414437,greedy_fast,numba,79.94686371460557,0.11984603166156553,8.344039315577094,17.97690474923483,150.0,215.7561432728544,real,26b6722f407e,5,343,733,437,342,1352403.0,1304518.2916666667,3239.00000000186,0.17252675318660032,0.17885966036682951,0.31406131923571823,1.7559091781321574,0.17885966036683054,0.400712,0.3865239382716049,14.464759005964389,14.464759005964389,15.55504657265451,15.55504657265451,41.006803000345826
Fine_microstructure_9,1,real,01fe9c6ef6ea,1,0.4104234074074074,0.12544770538806915,3.271669387817383,1.3603107519612658,0.5655966794175085,5.191414914093912,real,2f16db359fa9,1,628251,1385179.0,1382029.0000000007,0.4104234074074074,0.4094900740740743,18.640559962412244,18.817232349660667,0.009388861441762951,0.25284545133841874,1.9887144413122981,2.131497536912203,0.4691537206506236,0.12544821566440445,7.971416689378604,1.2375051864071227,1.2389146802194624,greedy_fast,numba,58.345354506745934,0.12544821566440445,7.971416689378604,18.817232349660667,150.0,165.10752778407186,real,3b3527cf3a5f,1,372,766,445,362,1378415.0,1310840.657142857,0.0,0.1777485911187607,0.18691159973707114,0.31713693485698774,1.6967215266634037,0.1869115997370743,0.40841925925925926,0.38839723174603175,13.774873511044595,13.774873511044595,10.88939218786515,10.88939218786515,49.36140134744346
Fine_microstructure_9,2,pointer,01fe9c6ef6ea,1,0.4104234074074074,0.12544770538806915,3.271669387817383,1.3603107519612658,0.5655966794175085,5.191414914093912,pointer,2f16db359fa9,1,628251,1385179.0,1382029.0000000007,0.4104234074074074,0.4094900740740743,18.640559962412244,18.817232349660667,0.009388861441762951,0.25284545133841874,1.9887144413122981,2.131497536912203,0.4691537206506236,0.12544821566440445,7.971416689378604,1.2375051864071227,1.2389146802194624,greedy_fast,numba,58.345354506745934,0.12544821566440445,7.971416689378604,18.817232349660667,150.0,165.10752778407186,real,e55acd997b82,2,372,806,476,382,1378415.0,1314529.6761904762,0.0,0.1774166131153467,0.18603895004497,0.32345213886429425,1.7386259077108541,0.1860389503168997,0.40841925925925926,0.3894902744268077,13.800648746661924,13.800648746661928,10.86905425914492,10.86905425914492,44.47734287660569
Fine_microstructure_9,3,pointer,01fe9c6ef6ea,1,0.4104234074074074,0.12544770538806915,3.271669387817383,1.3603107519612658,0.5655966794175085,5.191414914093912,pointer,2f16db359fa9,1,628251,1385179.0,1382029.0000000007,0.4104234074074074,0.4094900740740743,18.640559962412244,18.817232349660667,0.009388861441762951,0.25284545133841874,1.9887144413122981,2.131497536912203,0.4691537206506236,0.12544821566440445,7.971416689378604,1.2375051864071227,1.2389146802194624,greedy_fast,numba,58.345354506745934,0.12544821566440445,7.971416689378604,18.817232349660667,150.0,165.10752778407186,real,68181c0a1bd8,3,372,806,476,382,1378415.0,1314529.6761904762,2.932668865543732e-06,0.1774166131153467,0.18603895004497,0.32345213881970836,1.7386259074711963,0.1860389503168996,0.40841925925925926,0.3894902744268077,13.800648746661924,13.800648746661928,10.86905425914492,10.86905425914492,44.46567279845476
Fine_microstructure_9,4,pointer,01fe9c6ef6ea,1,0.4104234074074074,0.12544770538806915,3.271669387817383,1.3603107519612658,0.5655966794175085,5.191414914093912,pointer,2f16db359fa9,1,628251,1385179.0,1382029.0000000007,0.4104234074074074,0.4094900740740743,18.640559962412244,18.817232349660667,0.009388861441762951,0.25284545133841874,1.9887144413122981,2.131497536912203,0.4691537206506236,0.12544821566440445,7.971416689378604,1.2375051864071227,1.2389146802194624,greedy_fast,numba,58.345354506745934,0.12544821566440445,7.971416689378604,18.817232349660667,150.0,165.10752778407186,real,27c3f3efe32b,4,372,806,482,382,1378415.0,1322452.2,0.0,0.17899617932574852,0.18657084053795647,0.3213862008695615,1.7225960924163695,0.18657084053797976,0.40841925925925926,0.39183768888888887,13.678863809553407,13.678863809553409,10.965823045568916,10.965823045568916,44.89119602646679
Fine_microstructure_9,5,pointer,01fe9c6ef6ea,1,0.4104234074074074,0.12544770538806915,3.271669387817383,1.3603107519612658,0.5655966794175085,5.191414914093912,pointer,2f16db359fa9,1,628251,1385179.0,1382029.0000000007,0.4104234074074074,0.4094900740740743,18.640559962412244,18.817232349660667,0.009388861441762951,0.25284545133841874,1.9887144413122981,2.131497536912203,0.4691537206506236,0.12544821566440445,7.971416689378604,1.2375051864071227,1.2389146802194624,greedy_fast,numba,58.345354506745934,0.12544821566440445,7.971416689378604,18.817232349660667,150.0,165.10752778407186,real,26b6722f407e,5,372,806,483,382,1378415.0,1323196.3904761905,8.898961451686171e-10,0.17899617932574852,0.18646590959676543,0.3212054472405467,1.7225960924179426,0.18646590959676615,0.40841925925925926,0.3920581897707231,13.678863809553407,13.678863809553409,16.448734568353377,16.448734568353377,44.73551585059613
Medium_microstructure_0,1,real,01fe9c6ef6ea,1,0.3910711111111111,0.07494942843914032,5.217799663543701,1.352664837460513,0.3506654682980723,18.11118766106665,real,2f16db359fa9,1,399130,1319865.0,1295850.999999999,0.3910711111111111,0.38395585185185155,10.846176052491135,11.242251942218983,0.03523100992252549,0.2409652801785083,2.0371488561886504,3.1101884491332474,0.3215239257539786,0.07494834628145988,13.342522545388997,1.2834125037309552,1.2952496638346276,greedy_fast,numba,42.2538207937032,0.07494834628145988,13.342522545388997,11.242251942218983,150.0,128.12396891787648,real,3b3527cf3a5f,1,437,766,372,318,1313731.0,1178430.8916666666,0.0,0.12941237343612244,0.14427069755966673,0.32664697199032594,2.26412554673641,0.14427069755966773,0.3892536296296296,0.3491647086419753,19.851417665804856,19.85141766580486,7.556135411849361,7.556135411849361,58.16849210485816
Medium_microstructure_0,2,pointer,01fe9c6ef6ea,1,0.3910711111111111,0.07494942843914032,5.217799663543701,1.352664837460513,0.3506654682980723,18.11118766106665,pointer,2f16db359fa9,1,399130,1319865.0,1295850.999999999,0.3910711111111111,0.38395585185185155,10.846176052491135,11.242251942218983,0.03523100992252549,0.2409652801785083,2.0371488561886504,3.1101884491332474,0.3215239257539786,0.07494834628145988,13.342522545388997,1.2834125037309552,1.2952496638346276,greedy_fast,numba,42.2538207937032,0.07494834628145988,13.342522545388997,11.242251942218983,150.0,128.12396891787648,real,e55acd997b82,2,437,836,419,342,1318560.0,1195791.0934393865,0.0,0.12865113552029447,0.141859428604412,0.32950200908767585,2.3227360487285953,0.14185942878358332,0.39068444444444445,0.3543084721301886,19.8957473155048,19.895747315504803,7.539299619613029,7.539299619613029,50.2683575572446
Medium_microstructure_0,3,pointer,01fe9c6ef6ea,1,0.3910711111111111,0.07494942843914032,5.217799663543701,1.352664837460513,0.3506654682980723,18.11118766106665,pointer,2f16db359fa9,1,399130,1319865.0,1295850.999999999,0.3910711111111111,0.38395585185185155,10.846176052491135,11.242251942218983,0.03523100992252549,0.2409652801785083,2.0371488561886504,3.1101884491332474,0.3215239257539786,0.07494834628145988,13.342522545388997,1.2834125037309552,1.2952496638346276,greedy_fast,numba,42.2538207937032,0.07494834628145988,13.342522545388997,11.242251942218983,150.0,128.12396891787648,real,68181c0a1bd8,3,437,836,419,342,1318560.0,1195791.0934393865,2.292995900524267e-05,0.12865113552029447,0.141859428604412,0.32950200907758675,2.322736048657476,0.14185942878358324,0.39068444444444445,0.3543084721301886,19.8957473155048,19.895747315504803,7.539299619613029,7.539299619613029,50.15153499972075
Medium_microstructure_0,4,pointer,01fe9c6ef6ea,1,0.3910711111111111,0.07494942843914032,5.217799663543701,1.352664837460513,0.3506654682980723,18.11118766106665,pointer,2f16db359fa9,1,399130,1319865.0,1295850.999999999,0.3910711111111111,0.38395585185185155,10.846176052491135,11.242251942218983,0.03523100992252549,0.2409652801785083,2.0371488561886504,3.1101884491332474,0.3215239257539786,0.07494834628145988,13.342522545388997,1.2834125037309552,1.2952496638346276,greedy_fast,numba,42.2538207937032,0.07494834628145988,13.342522545388997,11.242251942218983,150.0,128.12396891787648,real,27c3f3efe32b,4,437,836,428,342,1318560.0,1196802.67677272,0.0,0.1339117839322334,0.14753536672943765,0.32791064224472943,2.222590077969282,0.14753536673048237,0.39068444444444445,0.35460820052525027,19.114154176751494,19.114154176751494,7.847587636519389,7.847587636519389,50.240764756686985
Medium_microstructure_0,5,pointer,01fe9c6ef6ea,1,0.3910711111111111,0.07494942843914032,5.217799663543701,1.352664837460513,0.3506654682980723,18.11118766106665,pointer,2f16db359fa9,1,399130,1319865.0,1295850.999999999,0.3910711111111111,0.38395585185185155,10.846176052491135,11.242251942218983,0.03523100992252549,0.2409652801785083,2.0371488561886504,3.1101884491332474,0.3215239257539786,0.07494834628145988,13.342522545388997,1.2834125037309552,1.2952496638346276,greedy_fast,numba,42.2538207937032,0.07494834628145988,13.342522545388997,11.242251942218983,150.0,128.12396891787648,real,26b6722f407e,5,437,836,429,342,1318560.0,1212104.3747677074,219.00000000038966,0.13391178393223332,0.14567286901800328,0.3237710733125874,2.222590077995735,0.14567286901800375,0.39068444444444445,0.3591420369682096,19.11415417675151,19.11415417675151,11.77138145477905,11.77138145477905,50.29827031493187
Medium_microstructure_1,2,pointer,01fe9c6ef6ea,1,0.3842651851851852,0.03946717828512192,9.736322402954102,1.4766420196833547,0.2239522854782376,16.759229405783117,pointer,2f16db359fa9,1,109153,1296895.0,1017093.9999999999,0.3842651851851852,0.3013611851851852,3.8737097111621512,5.920023491535403,0.34565973991473553,0.22867983413353657,2.0911542347270555,4.229542646072981,0.2364321827865889,0.039466823276902686,25.33773729352151,1.3436336381169365,1.5172345708136084,greedy_fast,numba,12.303533281199634,0.039466823276902686,25.33773729352151,5.920023491535403,150.0,91.29641886148602,real,e55acd997b82,2,475,832,353,299,1292460.0,1050949.8655484866,0.0,0.08851683031052408,0.1088581541759053,0.3045342632657053,2.7975328422401544,0.10885815482396491,0.38295111111111113,0.31139255275510713,29.500597495551094,29.5005974955511,5.08464278484643,5.08464278484643,54.71348527632654
Medium_microstructure_1,3,pointer,01fe9c6ef6ea,1,0.3842651851851852,0.03946717828512192,9.736322402954102,1.4766420196833547,0.2239522854782376,16.759229405783117,pointer,2f16db359fa9,1,109153,1296895.0,1017093.9999999999,0.3842651851851852,0.3013611851851852,3.8737097111621512,5.920023491535403,0.34565973991473553,0.22867983413353657,2.0911542347270555,4.229542646072981,0.2364321827865889,0.039466823276902686,25.33773729352151,1.3436336381169365,1.5172345708136084,greedy_fast,numba,12.303533281199634,0.039466823276902686,25.33773729352151,5.920023491535403,150.0,91.29641886148602,real,68181c0a1bd8,3,475,832,353,299,1292460.0,1050949.8655484866,1949.788746781979,0.08851683031052408,0.1088581541759053,0.30453426330151623,2.797532842569123,0.10885815482396491,0.38295111111111113,0.31139255275510713,29.500597495551094,29.5005974955511,5.08464278484643,5.08464278484643,54.84930624999106
Medium_microstructure_1,4,pointer,01fe9c6ef6ea,1,0.3842651851851852,0.03946717828512192,9.736322402954102,1.4766420196833547,0.2239522854782376,16.759229405783117,pointer,2f16db359fa9,1,109153,1296895.0,1017093.9999999999,0.3842651851851852,0.3013611851851852,3.8737097111621512,5.920023491535403,0.34565973991473553,0.22867983413353657,2.0911542347270555,4.229542646072981,0.2364321827865889,0.039466823276902686,25.33773729352151,1.3436336381169365,1.5172345708136084,greedy_fast,numba,12.303533281199634,0.039466823276902686,25.33773729352151,5.920023491535403,150.0,91.29641886148602,real,27c3f3efe32b,4,475,832,370,299,1292460.0,1067451.4133185528,0.0,0.09267229481692117,0.11220673153315196,0.3101508460451014,2.76410195544331,0.11220673153330157,0.38295111111111113,0.31628190024253416,28.17777835038533,28.17777835038533,5.323343740403466,5.323343740403466,55.282233078964055
Medium_microstructure_2,2,pointer,01fe9c6ef6ea,1,0.32053481481481483,0.02571849524974823,12.463202476501465,1.6111393015761173,0.2082747074018359,23.14958310034126,pointer,2f16db359fa9,1,352412,1081805.0,997182.0,0.32053481481481483,0.29546133333333335,3.629665461864693,3.8577849983480905,0.05913225765071895,0.16638686307689976,2.4515484633838804,5.0023051047676255,0.1999078382977708,0.025718566655653936,38.882415703371294,1.5154508572291312,1.5784438401907595,greedy_fast,numba,33.00903953239322,0.025718566655653936,38.882415703371294,3.8577849983480905,150.0,132.45440866518766,real,e55acd997b82,2,498,780,268,248,1071670.0,801990.621031746,0.0,0.06993534249344263,0.09345197626848416,0.2668184999409442,2.8551402578091016,0.09345197638230494,0.31753185185185184,0.2376268506760729,45.03145688034424,45.03145688034423,3.3310048244026147,3.3310048244026147,56.81744354125112
Medium_microstructure_2,3,pointer,01fe9c6ef6ea,1,0.32053481481481483,0.02571849524974823,12.463202476501465,1.6111393015761173,0.2082747074018359,23.14958310034126,pointer,2f16db359fa9,1,352412,1081805.0,997182.0,0.32053481481481483,0.29546133333333335,3.629665461864693,3.8577849983480905,0.05913225765071895,0.16638686307689976,2.4515484633838804,5.0023051047676255,0.1999078382977708,0.025718566655653936,38.882415703371294,1.5154508572291312,1.5784438401907595,greedy_fast,numba,33.00903953239322,0.025718566655653936,38.882415703371294,3.8577849983480905,150.0,132.45440866518766,real,68181c0a1bd8,3,498,780,268,248,1071670.0,801990.621031746,792.3333412737072,0.06993534249344263,0.09345197626848416,0.26681849996642604,2.8551402580817746,0.09345197638230494,0.31753185185185184,0.2376268506760729,45.03145688034424,45.03145688034423,3.3310048244026147,3.3310048244026147,56.69067498669028
Medium_microstructure_2,4,pointer,01fe9c6ef6ea,1,0.32053481481481483,0.02571849524974823,12.463202476501465,1.6111393015761173,0.2082747074018359,23.14958310034126,pointer,2f16db359fa9,1,352412,1081805.0,997182.0,0.32053481481481483,0.29546133333333335,3.629665461864693,3.8577849983480905,0.05913225765071895,0.16638686307689976,2.4515484633838804,5.0023051047676255,0.1999078382977708,0.025718566655653936,38.882415703371294,1.5154508572291312,1.5784438401907595,greedy_fast,numba,33.00903953239322,0.025718566655653936,38.882415703371294,3.8577849983480905,150.0,132.45440866518766,real,27c3f3efe32b,4,498,780,281,248,1071670.0,815965.5392857143,0.0,0.07199636020996239,0.09455833075195176,0.26597369933353054,2.812800281240389,0.0945583307522429,0.31753185185185184,0.2417675671957672,43.742355179085706,43.7423551790857,3.42917063760937,3.42917063760937,56.859531053341925
Medium_microstructure_2,5,pointer,01fe9c6ef6ea,1,0.32053481481481483,0.02571849524974823,12.463202476501465,1.6111393015761173,0.2082747074018359,23.14958310034126,pointer,2f16db359fa9,1,352412,1081805.0,997182.0,0.32053481481481483,0.29546133333333335,3.629665461864693,3.8577849983480905,0.05913225765071895,0.16638686307689976,2.4515484633838804,5.0023051047676255,0.1999078382977708,0.025718566655653936,38.882415703371294,1.5154508572291312,1.5784438401907595,greedy_fast,numba,33.00903953239322,0.025718566655653936,38.882415703371294,3.8577849983480905,150.0,132.45440866518766,real,26b6722f407e,5,498,780,282,248,1071670.0,836725.6226190475,8443.750000005162,0.07199636020996238,0.09221223452522201,0.2593745992090626,2.812800281269769,0.09221223452522351,0.31753185185185184,0.24791870299823635,43.74235517908571,43.742355179085706,5.143755956414078,5.143755956414078,56.32476618606597
Medium_microstructure_3,1,real,01fe9c6ef6ea,1,0.450757037037037,0.11806236207485199,3.8179569244384766,1.3036527369552589,0.4451361008534405,6.5763099286705256,real,2f16db359fa9,1,745614,1521305.0,1513843.9999999995,0.450757037037037,0.4485463703703702,17.678588775775342,17.70885860689414,0.0017093044668058538,0.2790363708943011,1.893082725504718,2.7369934041304895,0.36536441720716833,0.11805905737929426,8.470336983864353,1.1781949102749205,1.181094716263979,greedy_fast,numba,74.20899895299226,0.11805905737929426,8.470336983864353,17.70885860689414,150.0,219.52192451059818,real,3b3527cf3a5f,1,415,775,397,335,1503902.0,1352041.2416261241,0.0,0.17070509708059523,0.18987862870271807,0.3775702899381636,1.9884822874352674,0.18987862870287445,0.4456005925925926,0.40060481233366635,13.146427520206693,13.146427520206693,11.409943862653346,11.409943862653346,56.40973468217999
Medium_microstructure_3,2,pointer,01fe9c6ef6ea,1,0.450757037037037,0.11806236207485199,3.8179569244384766,1.3036527369552589,0.4451361008534405,6.5763099286705256,pointer,2f16db359fa9,1,745614,1521305.0,1513843.9999999995,0.450757037037037,0.4485463703703702,17.678588775775342,17.70885860689414,0.0017093044668058538,0.2790363708943011,1.893082725504718,2.7369934041304895,0.36536441720716833,0.11805905737929426,8.470336983864353,1.1781949102749205,1.181094716263979,greedy_fast,numba,74.20899895299226,0.11805905737929426,8.470336983864353,17.70885860689414,150.0,219.52192451059818,real,e55acd997b82,2,415,847,450,350,1506984.0,1376802.5559548938,0.0,0.16533294641058696,0.18096574837814355,0.37418802501100606,2.0677284413267234,0.18096574846690922,0.4465137777777778,0.40794149806070934,13.545833415709517,13.545833415709517,11.073515780172652,11.073515780172652,49.11787394620478
Medium_microstructure_3,3,pointer,01fe9c6ef6ea,1,0.450757037037037,0.11806236207485199,3.8179569244384766,1.3036527369552589,0.4451361008534405,6.5763099286705256,pointer,2f16db359fa9,1,745614,1521305.0,1513843.9999999995,0.450757037037037,0.4485463703703702,17.678588775775342,17.70885860689414,0.0017093044668058538,0.2790363708943011,1.893082725504718,2.7369934041304895,0.36536441720716833,0.11805905737929426,8.470336983864353,1.1781949102749205,1.181094716263979,greedy_fast,numba,74.20899895299226,0.11805905737929426,8.470336983864353,17.70885860689414,150.0,219.52192451059818,real,68181c0a1bd8,3,415,847,450,350,1506984.0,1376802.5559548938,8.714331560837682e-06,0.16533294641058696,0.18096574837814355,0.37418802505296594,2.067728441558591,0.18096574846690913,0.4465137777777778,0.40794149806070934,13.545833415709517,13.545833415709517,11.073515780172652,11.073515780172652,49.14836513157934
Medium_microstructure_3,4,pointer,01fe9c6ef6ea,1,0.450757037037037,0.11806236207485199,3.8179569244384766,1.3036527369552589,0.4451361008534405,6.5763099286705256,pointer,2f16db359fa9,1,745614,1521305.0,1513843.9999999995,0.450757037037037,0.4485463703703702,17.678588775775342,17.70885860689414,0.0017093044668058538,0.2790363708943011,1.893082725504718,2.7369934041304895,0.36536441720716833,0.11805905737929426,8.470336983864353,1.1781949102749205,1.181094716263979,greedy_fast,numba,74.20899895299226,0.11805905737929426,8.470336983864353,17.70885860689414,150.0,219.52192451059818,real,27c3f3efe32b,4,415,847,461,350,1506984.0,1380791.7226215606,0.0,0.16909242075693384,0.18454598794707217,0.37558743194459004,2.0351969507454384,0.18454598794825355,0.4465137777777778,0.4091234733693513,13.244665492284657,13.244665492284659,11.325314337865185,11.325314337865185,49.37841138057411
Medium_microstructure_3,5,pointer,01fe9c6ef6ea,1,0.450757037037037,0.11806236207485199,3.8179569244384766,1.3036527369552589,0.4451361008534405,6.5763099286705256,pointer,2f16db359fa9,1,745614,1521305.0,1513843.9999999995,0.450757037037037,0.4485463703703702,17.678588775775342,17.70885860689414,0.0017093044668058538,0.2790363708943011,1.893082725504718,2.7369934041304895,0.36536441720716833,0.11805905737929426,8.470336983864353,1.1781949102749205,1.181094716263979,greedy_fast,numba,74.20899895299226,0.11805905737929426,8.470336983864353,17.70885860689414,150.0,219.52192451059818,real,26b6722f407e,5,415,847,464,350,1506984.0,1389746.6371579014,1.3682083024591946e-09,0.16909242075693376,0.18335685497543935,0.3731673121472577,2.0351969507616263,0.18335685497544021,0.4465137777777778,0.4117767813801189,13.244665492284664,13.244665492284664,16.987971506797777,16.987971506797777,48.763741564936936
Medium_microstructure_4,2,pointer,01fe9c6ef6ea,1,0.3631620740740741,0.02545098215341568,14.269079208374023,1.6498913222067675,0.1907720417933952,49.97441830299795,pointer,2f16db359fa9,1,278293,1225672.0,1021614.0000000002,0.3631620740740741,0.3027004444444445,3.0296520166721854,3.817636301450114,0.20640632646923854,0.1634908974278828,2.473165679659101,5.133055084264256,0.1948157546692945,0.025450908676334094,39.29132797250044,1.5221831865865887,1.6672880412102806,greedy_fast,numba,37.62015660852194,0.025450908676334094,39.29132797250044,3.817636301450114,150.0,153.2042092802003,real,e55acd997b82,2,446,773,327,279,1208567.0,991231.7822982572,0.0,0.06236774538379989,0.07604235485270326,0.2493543549240453,3.2791508780192604,0.07604235492654898,0.3580939259259259,0.2936983058661503,44.77576361149255,44.77576361149255,3.3500266214615486,3.3500266214615486,50.833990605548024
Medium_microstructure_4,3,pointer,01fe9c6ef6ea,1,0.3631620740740741,0.02545098215341568,14.269079208374023,1.6498913222067675,0.1907720417933952,49.97441830299795,pointer,2f16db359fa9,1,278293,1225672.0,1021614.0000000002,0.3631620740740741,0.3027004444444445,3.0296520166721854,3.817636301450114,0.20640632646923854,0.1634908974278828,2.473165679659101,5.133055084264256,0.1948157546692945,0.025450908676334094,39.29132797250044,1.5221831865865887,1.6672880412102806,greedy_fast,numba,37.62015660852194,0.025450908676334094,39.29132797250044,3.817636301450114,150.0,153.2042092802003,real,68181c0a1bd8,3,446,773,327,279,1208567.0,991231.7822982572,0.0,0.06236774538379989,0.07604235485270325,0.24935435486702778,3.2791508772694495,0.07604235492654893,0.3580939259259259,0.2936983058661503,44.77576361149255,44.77576361149255,3.3500266214615486,3.3500266214615486,51.00931249000132
Medium_microstructure_4,4,pointer,01fe9c6ef6ea,1,0.3631620740740741,0.02545098215341568,14.269079208374023,1.6498913222067675,0.1907720417933952,49.97441830299795,pointer,2f16db359fa9,1,278293,1225672.0,1021614.0000000002,0.3631620740740741,0.3027004444444445,3.0296520166721854,3.817636301450114,0.20640632646923854,0.1634908974278828,2.473165679659101,5.133055084264256,0.1948157546692945,0.025450908676334094,39.29132797250044,1.5221831865865887,1.6672880412102806,greedy_fast,numba,37.62015660852194,0.025450908676334094,39.29132797250044,3.817636301450114,150.0,153.2042092802003,real,27c3f3efe32b,4,446,773,338,279,1208567.0,998653.372041847,0.0,0.06413773331733867,0.07761927222381569,0.2494035644778004,3.2131654591837946,0.07761927222420524,0.3580939259259259,0.2958972954198065,43.54010158840228,43.54010158840228,3.4450999085393805,3.4450999085393805,51.07427685614675
Medium_microstructure_4,5,pointer,01fe9c6ef6ea,1,0.3631620740740741,0.02545098215341568,14.269079208374023,1.6498913222067675,0.1907720417933952,49.97441830299795,pointer,2f16db359fa9,1,278293,1225672.0,1021614.0000000002,0.3631620740740741,0.3027004444444445,3.0296520166721854,3.817636301450114,0.20640632646923854,0.1634908974278828,2.473165679659101,5.133055084264256,0.1948157546692945,0.025450908676334094,39.29132797250044,1.5221831865865887,1.6672880412102806,greedy_fast,numba,37.62015660852194,0.025450908676334094,39.29132797250044,3.817636301450114,150.0,153.2042092802003,real,26b6722f407e,5,446,773,339,279,1208567.0,1023744.866089466,8977.583333402406,0.06413773331733866,0.07571686121194314,0.24329080312795734,3.2131654592356242,0.07571686121194439,0.3580939259259259,0.30333181217465666,43.54010158840229,43.54010158840228,5.1676498628090615,5.1676498628090615,50.5481923064217
Medium_microstructure_5,2,pointer,01fe9c6ef6ea,1,0.38370844444444446,0.02505233883857727,15.316272735595703,1.5816939120840035,0.163339715524222,24.986499960534275,pointer,2f16db359fa9,1,99431,1295016.0,767456.9999999998,0.38370844444444446,0.2273946666666666,1.7816195472288026,3.7578617012081534,0.5258953924099944,0.20969359309188948,2.1837726339673207,5.596848122093852,0.17867199148257168,0.02505241134138769,39.91631729070151,1.2734843415561894,1.654261455013181,greedy_fast,numba,9.337387553416193,0.02505241134138769,39.91631729070151,3.7578617012081534,150.0,49.150756570510566,real,e55acd997b82,2,494,893,405,355,1275440.0,1030911.5474789101,0.0,0.06780993933528698,0.08389420919020597,0.2914717899476151,3.4742778169097486,0.08389420918758572,0.37790814814814816,0.30545527332708444,39.02297612702973,39.02297612702973,3.843889295120848,3.843889295120848,56.77566210273653
Medium_microstructure_5,3,pointer,01fe9c6ef6ea,1,0.38370844444444446,0.02505233883857727,15.316272735595703,1.5816939120840035,0.163339715524222,24.986499960534275,pointer,2f16db359fa9,1,99431,1295016.0,767456.9999999998,0.38370844444444446,0.2273946666666666,1.7816195472288026,3.7578617012081534,0.5258953924099944,0.20969359309188948,2.1837726339673207,5.596848122093852,0.17867199148257168,0.02505241134138769,39.91631729070151,1.2734843415561894,1.654261455013181,greedy_fast,numba,9.337387553416193,0.02505241134138769,39.91631729070151,3.7578617012081534,150.0,49.150756570510566,real,68181c0a1bd8,3,494,893,405,355,1275440.0,1030911.5474789101,0.0,0.06780993933528698,0.08389420919020599,0.2914717900307984,3.4742778179012754,0.08389420918758571,0.37790814814814816,0.30545527332708444,39.02297612702973,39.02297612702973,3.843889295120848,3.843889295120848,57.130616697482765
Medium_microstructure_5,4,pointer,01fe9c6ef6ea,1,0.38370844444444446,0.02505233883857727,15.316272735595703,1.5816939120840035,0.163339715524222,24.986499960534275,pointer,2f16db359fa9,1,99431,1295016.0,767456.9999999998,0.38370844444444446,0.2273946666666666,1.7816195472288026,3.7578617012081534,0.5258953924099944,0.20969359309188948,2.1837726339673207,5.596848122093852,0.17867199148257168,0.02505241134138769,39.91631729070151,1.2734843415561894,1.654261455013181,greedy_fast,numba,9.337387553416193,0.02505241134138769,39.91631729070151,3.7578617012081534,150.0,49.150756570510566,real,27c3f3efe32b,4,494,893,428,355,1275440.0,1052837.6922535799,0.0,0.07053366869312024,0.08544665816840781,0.29354156380961915,3.4353779316603696,0.08544665816949756,0.37790814814814816,0.31195190881587553,37.51606421281103,37.51606421281103,3.9982872176868027,3.9982872176868027,56.94655290432274
Medium_microstructure_6,2,pointer,01fe9c6ef6ea,1,0.3136367407407407,0.020816296339035034,15.06688404083252,1.6396273435464341,0.17842958228253478,95.16137874219567,pointer,2f16db359fa9,1,352531,1058524.0,1010335.0000000003,0.3136367407407407,0.29935851851851863,2.985916432482466,3.122441622017556,0.04372385653983012,0.1646592223019554,2.4643759966887457,6.117341080628826,0.16346971450825265,0.02081627748011704,48.03932888361831,1.5332498410411042,1.5693889264940208,greedy_fast,numba,35.00935593806207,0.02081627748011704,48.03932888361831,3.122441622017556,150.0,129.98513115942478,real,e55acd997b82,2,496,809,320,284,1048182.0,818542.4077200578,0.0,0.06083801869037299,0.07790594048025794,0.2686678935341086,3.448618815523781,0.07790594087253534,0.31057244444444443,0.24253108376890598,52.92514027187682,52.92514027187682,2.834191840644634,2.834191840644634,55.45481560006738
Medium_microstructure_6,3,pointer,01fe9c6ef6ea,1,0.3136367407407407,0.020816296339035034,15.06688404083252,1.6396273435464341,0.17842958228253478,95.16137874219567,pointer,2f16db359fa9,1,352531,1058524.0,1010335.0000000003,0.3136367407407407,0.29935851851851863,2.985916432482466,3.122441622017556,0.04372385653983012,0.1646592223019554,2.4643759966887457,6.117341080628826,0.16346971450825265,0.02081627748011704,48.03932888361831,1.5332498410411042,1.5693889264940208,greedy_fast,numba,35.00935593806207,0.02081627748011704,48.03932888361831,3.122441622017556,150.0,129.98513115942478,real,68181c0a1bd8,3,496,809,320,284,1048182.0,818542.4077200578,18.37842019322678,0.06083801869037299,0.07790594048025794,0.2686678935341086,3.448618815523781,0.07790594087253534,0.31057244444444443,0.24253108376890598,52.92514027187682,52.92514027187682,2.834191840644634,2.834191840644634,55.6071658693254
Medium_microstructure_6,4,pointer,01fe9c6ef6ea,1,0.3136367407407407,0.020816296339035034,15.06688404083252,1.6396273435464341,0.17842958228253478,95.16137874219567,pointer,2f16db359fa9,1,352531,1058524.0,1010335.0000000003,0.3136367407407407,0.29935851851851863,2.985916432482466,3.122441622017556,0.04372385653983012,0.1646592223019554,2.4643759966887457,6.117341080628826,0.16346971450825265,0.02081627748011704,48.03932888361831,1.5332498410411042,1.5693889264940208,greedy_fast,numba,35.00935593806207,0.02081627748011704,48.03932888361831,3.122441622017556,150.0,129.98513115942478,real,27c3f3efe32b,4,496,809,339,284,1048182.0,835646.2878787878,0.0,0.07034668823165077,0.08823844900946393,0.2854462032649171,3.2349413035363725,0.08823844901076662,0.31057244444444443,0.24759890011223343,45.771318508244384,45.77131850824438,3.2771614384012833,3.2771614384012833,55.54776049870998
Medium_microstructure_6,5,pointer,01fe9c6ef6ea,1,0.3136367407407407,0.020816296339035034,15.06688404083252,1.6396273435464341,0.17842958228253478,95.16137874219567,pointer,2f16db359fa9,1,352531,1058524.0,1010335.0000000003,0.3136367407407407,0.29935851851851863,2.985916432482466,3.122441622017556,0.04372385653983012,0.1646592223019554,2.4643759966887457,6.117341080628826,0.16346971450825265,0.02081627748011704,48.03932888361831,1.5332498410411042,1.5693889264940208,greedy_fast,numba,35.00935593806207,0.02081627748011704,48.03932888361831,3.122441622017556,150.0,129.98513115942478,real,26b6722f407e,5,496,809,340,284,1048182.0,857045.7030303031,10145.333333335007,0.07034668823165079,0.08603523954826986,0.278318949978574,3.2349413035854857,0.0860352395482712,0.31057244444444443,0.2539394675645342,45.77131850824438,45.77131850824436,4.915742157601905,4.915742157601905,55.56097655463964
Medium_microstructure_7,2,pointer,01fe9c6ef6ea,1,0.3414011851851852,0.03588913753628731,9.512661933898926,1.5125836818290705,0.24051200499226072,9.281716262921691,pointer,2f16db359fa9,1,414600,1152229.0,1111685.0,0.3414011851851852,0.32938814814814815,5.03924227394315,5.383387569096801,0.0639272745527757,0.1925738428419204,2.2787745030854194,4.681308760429153,0.21361547617900048,0.03588925046064534,27.863496371888804,1.4001937892611709,1.425498205344801,greedy_fast,numba,36.88243345823139,0.03588925046064534,27.863496371888804,5.383387569096801,150.0,149.0206077117473,real,e55acd997b82,2,523,918,399,361,1139078.0,999659.2578144079,0.0,0.09008969043551358,0.10265416299719667,0.297740412913823,2.9004222056006754,0.10265416267289997,0.3375045925925926,0.2961953356487134,32.88858725267146,32.88858725267146,4.560852642685994,4.560852642685994,57.97553810849786
Medium_microstructure_7,3,pointer,01fe9c6ef6ea,1,0.3414011851851852,0.03588913753628731,9.512661933898926,1.5125836818290705,0.24051200499226072,9.281716262921691,pointer,2f16db359fa9,1,414600,1152229.0,1111685.0,0.3414011851851852,0.32938814814814815,5.03924227394315,5.383387569096801,0.0639272745527757,0.1925738428419204,2.2787745030854194,4.681308760429153,0.21361547617900048,0.03588925046064534,27.863496371888804,1.4001937892611709,1.425498205344801,greedy_fast,numba,36.88243345823139,0.03588925046064534,27.863496371888804,5.383387569096801,150.0,149.0206077117473,real,68181c0a1bd8,3,523,918,399,361,1139078.0,999659.2578144079,5.187433587696531e-06,0.09008969043551358,0.10265416299719667,0.2977404129166111,2.900422205627835,0.10265416267289997,0.3375045925925926,0.2961953356487134,32.88858725267146,32.88858725267146,4.560852642685994,4.560852642685994,57.994717778638005
Medium_microstructure_7,4,pointer,01fe9c6ef6ea,1,0.3414011851851852,0.03588913753628731,9.512661933898926,1.5125836818290705,0.24051200499226072,9.281716262921691,pointer,2f16db359fa9,1,414600,1152229.0,1111685.0,0.3414011851851852,0.32938814814814815,5.03924227394315,5.383387569096801,0.0639272745527757,0.1925738428419204,2.2787745030854194,4.681308760429153,0.21361547617900048,0.03588925046064534,27.863496371888804,1.4001937892611709,1.425498205344801,greedy_fast,numba,36.88243345823139,0.03588925046064534,27.863496371888804,5.383387569096801,150.0,149.0206077117473,real,27c3f3efe32b,4,523,918,419,361,1139078.0,1007672.8974969476,0.0,0.09202545693968113,0.10402599265977788,0.30407901564345413,2.92310611861892,0.10402599266123201,0.3375045925925926,0.29856974740650294,32.19677188233494,32.19677188233494,4.658852152886144,4.658852152886144,58.3152300324291
Medium_microstructure_7,5,pointer,01fe9c6ef6ea,1,0.3414011851851852,0.03588913753628731,9.512661933898926,1.5125836818290705,0.24051200499226072,9.281716262921691,pointer,2f16db359fa9,1,414600,1152229.0,1111685.0,0.3414011851851852,0.32938814814814815,5.03924227394315,5.383387569096801,0.0639272745527757,0.1925738428419204,2.2787745030854194,4.681308760429153,0.21361547617900048,0.03588925046064534,27.863496371888804,1.4001937892611709,1.425498205344801,greedy_fast,numba,36.88243345823139,0.03588925046064534,27.863496371888804,5.383387569096801,150.0,149.0206077117473,real,26b6722f407e,5,523,918,420,361,1139078.0,1019242.2019841269,6.587310273481524e-09,0.09202545693968112,0.10284520522784295,0.30062744868668756,2.9231061187604643,0.10284520522784436,0.3375045925925926,0.30199768947677835,32.19677188233494,32.19677188233494,6.9882782293291275,6.9882782293291275,57.61761012952775
Medium_microstructure_8,2,pointer,01fe9c6ef6ea,1,0.35144325925925923,0.016542820259928703,21.24445915222168,1.6467784048390102,0.12765112518105762,169.45098580699414,pointer,2f16db359fa9,1,189935,1186121.0,952707.0000000002,0.35144325925925923,0.2822835555555556,1.8018076028837497,2.4814191999242174,0.2738802041433479,0.16446000621382298,2.465868136853598,7.619317048177652,0.131245358826376,0.01654279466616145,60.44927838254053,1.496512425790811,1.6698026526500134,greedy_fast,numba,20.945429458282888,0.01654279466616145,60.44927838254053,2.4814191999242174,150.0,88.36075387056917,real,e55acd997b82,2,477,799,324,276,1177790.0,891996.2833777333,0.0,0.04912102659877174,0.06485929929291442,0.2519862055978182,3.8851206645774625,0.06485929971115162,0.3489748148148148,0.26429519507488397,58.3362461954335,58.33624619543348,2.5713001888009073,2.5713001888009073,54.106269124895334
Medium_microstructure_8,3,pointer,01fe9c6ef6ea,1,0.35144325925925923,0.016542820259928703,21.24445915222168,1.6467784048390102,0.12765112518105762,169.45098580699414,pointer,2f16db359fa9,1,189935,1186121.0,952707.0000000002,0.35144325925925923,0.2822835555555556,1.8018076028837497,2.4814191999242174,0.2738802041433479,0.16446000621382298,2.465868136853598,7.619317048177652,0.131245358826376,0.01654279466616145,60.44927838254053,1.496512425790811,1.6698026526500134,greedy_fast,numba,20.945429458282888,0.01654279466616145,60.44927838254053,2.4814191999242174,150.0,88.36075387056917,real,68181c0a1bd8,3,477,799,324,276,1177790.0,891996.2833777333,213.3076365822551,0.04912102659877174,0.06485929929291444,0.2519862058323408,3.8851206681933266,0.06485929971115167,0.3489748148148148,0.26429519507488397,58.3362461954335,58.33624619543348,2.5713001888009073,2.5713001888009073,54.48632467165589
Medium_microstructure_8,4,pointer,01fe9c6ef6ea,1,0.35144325925925923,0.016542820259928703,21.24445915222168,1.6467784048390102,0.12765112518105762,169.45098580699414,pointer,2f16db359fa9,1,189935,1186121.0,952707.0000000002,0.35144325925925923,0.2822835555555556,1.8018076028837497,2.4814191999242174,0.2738802041433479,0.16446000621382298,2.465868136853598,7.619317048177652,0.131245358826376,0.01654279466616145,60.44927838254053,1.496512425790811,1.6698026526500134,greedy_fast,numba,20.945429458282888,0.01654279466616145,60.44927838254053,2.4814191999242174,150.0,88.36075387056917,real,27c3f3efe32b,4,477,799,345,276,1177790.0,900842.0548520924,0.0,0.05831542537137385,0.07624347073737554,0.27657559384931113,3.627531527281061,0.076243470737417,0.3489748148148148,0.26691616440062,49.13856467289071,49.138564672890695,3.0525922154733474,3.0525922154733474,54.48671739548445
Medium_microstructure_8,5,pointer,01fe9c6ef6ea,1,0.35144325925925923,0.016542820259928703,21.24445915222168,1.6467784048390102,0.12765112518105762,169.45098580699414,pointer,2f16db359fa9,1,189935,1186121.0,952707.0000000002,0.35144325925925923,0.2822835555555556,1.8018076028837497,2.4814191999242174,0.2738802041433479,0.16446000621382298,2.465868136853598,7.619317048177652,0.131245358826376,0.01654279466616145,60.44927838254053,1.496512425790811,1.6698026526500134,greedy_fast,numba,20.945429458282888,0.01654279466616145,60.44927838254053,2.4814191999242174,150.0,88.36075387056917,real,26b6722f407e,5,477,799,346,276,1177790.0,925362.321518759,17515.000000000447,0.05831542537137379,0.07422316994215042,0.2692468890200675,3.6275315272834283,0.07422316994215074,0.3489748148148148,0.2741814285981508,49.13856467289076,49.13856467289075,4.578888323210024,4.578888323210024,54.27413211297244
Medium_microstructure_9,2,pointer,01fe9c6ef6ea,1,0.3731522962962963,0.027125637978315353,13.756443977355957,1.5692984950291264,0.17902139321429644,13.71267600171268,pointer,2f16db359fa9,1,356198,1259389.0,1214414.9999999998,0.3731522962962963,0.3598266666666666,3.9637360971552438,4.068868837607209,0.025838321324162066,0.17274101120429916,2.4060368314896894,5.673492377029394,0.17625827859551896,0.027125792250714723,36.86528270796041,1.5290800403930476,1.557136216365229,greedy_fast,numba,44.268708121962845,0.027125792250714723,36.86528270796041,4.068868837607209,150.0,150.31248536519706,real,e55acd997b82,2,495,845,359,291,1240032.0,1014402.626114082,0.0,0.0783781300358891,0.09581145280052082,0.2856602584197428,2.9814834151848095,0.09581145310581442,0.3674168888888889,0.3005637410708391,34.72529843185441,34.72529843185442,4.319617306762946,4.319617306762946,56.97977502364665
Medium_microstructure_9,3,pointer,01fe9c6ef6ea,1,0.3731522962962963,0.027125637978315353,13.756443977355957,1.5692984950291264,0.17902139321429644,13.71267600171268,pointer,2f16db359fa9,1,356198,1259389.0,1214414.9999999998,0.3731522962962963,0.3598266666666666,3.9637360971552438,4.068868837607209,0.025838321324162066,0.17274101120429916,2.4060368314896894,5.673492377029394,0.17625827859551896,0.027125792250714723,36.86528270796041,1.5290800403930476,1.557136216365229,greedy_fast,numba,44.268708121962845,0.027125792250714723,36.86528270796041,4.068868837607209,150.0,150.31248536519706,real,68181c0a1bd8,3,495,845,359,291,1240032.0,1014402.626114082,8.404825568916404e-06,0.0783781300358891,0.09581145280052082,0.28566025842002235,2.9814834151877276,0.0958114531058144,0.3674168888888889,0.3005637410708391,34.72529843185441,34.72529843185442,4.319617306762946,4.319617306762946,56.97223184350878
Medium_microstructure_9,4,pointer,01fe9c6ef6ea,1,0.3731522962962963,0.027125637978315353,13.756443977355957,1.5692984950291264,0.17902139321429644,13.71267600171268,pointer,2f16db359fa9,1,356198,1259389.0,1214414.9999999998,0.3731522962962963,0.3598266666666666,3.9637360971552438,4.068868837607209,0.025838321324162066,0.17274101120429916,2.4060368314896894,5.673492377029394,0.17625827859551896,0.027125792250714723,36.86528270796041,1.5290800403930476,1.557136216365229,greedy_fast,numba,44.268708121962845,0.027125792250714723,36.86528270796041,4.068868837607209,150.0,150.31248536519706,real,27c3f3efe32b,4,495,845,378,291,1240032.0,1025579.4720015279,0.0,0.08003912669284896,0.09677560936058835,0.2859283951971601,2.95455019177675,0.09677560936110348,0.3674168888888889,0.3038753991115638,34.00466832267561,34.00466832267561,4.411159037830528,4.411159037830528,57.15393026918173
